feature_name,tier,stage,level,entity,entity_id,entity_class,measure,measure_family,aggregation,window,window_type,filter,transform,availability,leakage_risk,min_support_n,adversarial_halflife,hypothesis,status,drop_reason,iv,psi_12m,coverage_pct,shap_rank
device_x_bin8__cb_fraud_rate__rate__w30d,1,A_base,L0,BIN-8 x Device fingerprint ID,device_x_bin8,composite,CB rate,outcome,rate (num/denom),30 days,time,unconditioned,raw value,streaming aggregate (sketch-backed),HIGH - point-in-time on label_arrival_ts + out-of-fold encoding required,200,weeks-months,card testing / BIN enumeration on one device,candidate,,,,,
device_x_bin8__cb_nonfr_rate__rate__w30d,1,A_base,L0,BIN-8 x Device fingerprint ID,device_x_bin8,composite,CB rate,outcome,rate (num/denom),30 days,time,unconditioned,raw value,streaming aggregate (sketch-backed),HIGH - point-in-time on label_arrival_ts + out-of-fold encoding required,200,weeks-months,card testing / BIN enumeration on one device,candidate,,,,,
device_x_bin8__champ_score__cnt__w30d,1,A_base,L0,BIN-8 x Device fingerprint ID,device_x_bin8,composite,Champion model score,score,count,30 days,time,unconditioned,raw value,streaming aggregate (sketch-backed),MED - encodes current policy; re-baseline on threshold change,30,weeks-months,card testing / BIN enumeration on one device,candidate,,,,,
device_x_bin8__champ_score__mean__w30d,1,A_base,L0,BIN-8 x Device fingerprint ID,device_x_bin8,composite,Champion model score,score,mean,30 days,time,unconditioned,raw value,streaming aggregate (sketch-backed),MED - encodes current policy; re-baseline on threshold change,30,weeks-months,card testing / BIN enumeration on one device,candidate,,,,,
device_x_bin8__cb_amt__cnt__w30d,1,A_base,L0,BIN-8 x Device fingerprint ID,device_x_bin8,composite,Chargeback dollars,outcome,count,30 days,time,unconditioned,raw value,streaming aggregate (sketch-backed),HIGH - point-in-time on label_arrival_ts + out-of-fold encoding required,200,weeks-months,card testing / BIN enumeration on one device,candidate,,,,,
device_x_bin8__cb_amt__sum__w30d,1,A_base,L0,BIN-8 x Device fingerprint ID,device_x_bin8,composite,Chargeback dollars,outcome,sum,30 days,time,unconditioned,raw value,streaming aggregate (sketch-backed),HIGH - point-in-time on label_arrival_ts + out-of-fold encoding required,200,weeks-months,card testing / BIN enumeration on one device,candidate,,,,,
device_x_bin8__cb_amt__mean__w30d,1,A_base,L0,BIN-8 x Device fingerprint ID,device_x_bin8,composite,Chargeback dollars,outcome,mean,30 days,time,unconditioned,raw value,streaming aggregate (sketch-backed),HIGH - point-in-time on label_arrival_ts + out-of-fold encoding required,200,weeks-months,card testing / BIN enumeration on one device,candidate,,,,,
device_x_bin8__cb_rate__rate__w30d,1,A_base,L0,BIN-8 x Device fingerprint ID,device_x_bin8,composite,Chargeback rate,outcome,rate (num/denom),30 days,time,unconditioned,raw value,streaming aggregate (sketch-backed),HIGH - point-in-time on label_arrival_ts + out-of-fold encoding required,200,weeks-months,card testing / BIN enumeration on one device,candidate,,,,,
device_x_bin8__den_rate__rate__w30d,1,A_base,L0,BIN-8 x Device fingerprint ID,device_x_bin8,composite,DEN rate (downstream rules),outcome,rate (num/denom),30 days,time,unconditioned,raw value,streaming aggregate (sketch-backed),MED - encodes current policy; re-baseline on threshold change,50,weeks-months,card testing / BIN enumeration on one device,candidate,,,,,
device_x_bin8__d_bin8__dcnt__w1h,1,A_base,L0,BIN-8 x Device fingerprint ID,device_x_bin8,composite,Distinct BINs tried,velocity,distinct count,1 hour,time,unconditioned,raw value,streaming aggregate (sketch-backed),LOW,5,weeks-months,card testing / BIN enumeration on one device,candidate,,,,,
device_x_bin8__d_bin8__dcnt__w30d,1,A_base,L0,BIN-8 x Device fingerprint ID,device_x_bin8,composite,Distinct BINs tried,velocity,distinct count,30 days,time,unconditioned,raw value,streaming aggregate (sketch-backed),LOW,30,weeks-months,card testing / BIN enumeration on one device,candidate,,,,,
device_x_bin8__d_pan__dcnt__w1h,1,A_base,L0,BIN-8 x Device fingerprint ID,device_x_bin8,composite,Distinct cards,velocity,distinct count,1 hour,time,unconditioned,raw value,streaming aggregate (sketch-backed),LOW,5,weeks-months,card testing / BIN enumeration on one device,candidate,,,,,
device_x_bin8__d_pan__dcnt__w30d,1,A_base,L0,BIN-8 x Device fingerprint ID,device_x_bin8,composite,Distinct cards,velocity,distinct count,30 days,time,unconditioned,raw value,streaming aggregate (sketch-backed),LOW,30,weeks-months,card testing / BIN enumeration on one device,candidate,,,,,
device_x_bin8__d_cust__dcnt__w1h,1,A_base,L0,BIN-8 x Device fingerprint ID,device_x_bin8,composite,Distinct customers,velocity,distinct count,1 hour,time,unconditioned,raw value,streaming aggregate (sketch-backed),LOW,5,weeks-months,card testing / BIN enumeration on one device,candidate,,,,,
device_x_bin8__d_cust__dcnt__w30d,1,A_base,L0,BIN-8 x Device fingerprint ID,device_x_bin8,composite,Distinct customers,velocity,distinct count,30 days,time,unconditioned,raw value,streaming aggregate (sketch-backed),LOW,30,weeks-months,card testing / BIN enumeration on one device,candidate,,,,,
device_x_bin8__d_device__dcnt__w1h,1,A_base,L0,BIN-8 x Device fingerprint ID,device_x_bin8,composite,Distinct devices,velocity,distinct count,1 hour,time,unconditioned,raw value,streaming aggregate (sketch-backed),LOW,5,weeks-months,card testing / BIN enumeration on one device,candidate,,,,,
device_x_bin8__d_device__dcnt__w30d,1,A_base,L0,BIN-8 x Device fingerprint ID,device_x_bin8,composite,Distinct devices,velocity,distinct count,30 days,time,unconditioned,raw value,streaming aggregate (sketch-backed),LOW,30,weeks-months,card testing / BIN enumeration on one device,candidate,,,,,
device_x_bin8__d_email__dcnt__w1h,1,A_base,L0,BIN-8 x Device fingerprint ID,device_x_bin8,composite,Distinct emails,velocity,distinct count,1 hour,time,unconditioned,raw value,streaming aggregate (sketch-backed),LOW,5,weeks-months,card testing / BIN enumeration on one device,candidate,,,,,
device_x_bin8__d_email__dcnt__w30d,1,A_base,L0,BIN-8 x Device fingerprint ID,device_x_bin8,composite,Distinct emails,velocity,distinct count,30 days,time,unconditioned,raw value,streaming aggregate (sketch-backed),LOW,30,weeks-months,card testing / BIN enumeration on one device,candidate,,,,,
device_x_bin8__d_receiver__dcnt__w1h,1,A_base,L0,BIN-8 x Device fingerprint ID,device_x_bin8,composite,Distinct receivers (fan-out),velocity,distinct count,1 hour,time,unconditioned,raw value,streaming aggregate (sketch-backed),LOW,5,weeks-months,card testing / BIN enumeration on one device,candidate,,,,,
device_x_bin8__d_receiver__dcnt__w30d,1,A_base,L0,BIN-8 x Device fingerprint ID,device_x_bin8,composite,Distinct receivers (fan-out),velocity,distinct count,30 days,time,unconditioned,raw value,streaming aggregate (sketch-backed),LOW,30,weeks-months,card testing / BIN enumeration on one device,candidate,,,,,
device_x_bin8__d_sender__dcnt__w1h,1,A_base,L0,BIN-8 x Device fingerprint ID,device_x_bin8,composite,Distinct senders (fan-in),velocity,distinct count,1 hour,time,unconditioned,raw value,streaming aggregate (sketch-backed),LOW,5,weeks-months,card testing / BIN enumeration on one device,candidate,,,,,
device_x_bin8__d_sender__dcnt__w30d,1,A_base,L0,BIN-8 x Device fingerprint ID,device_x_bin8,composite,Distinct senders (fan-in),velocity,distinct count,30 days,time,unconditioned,raw value,streaming aggregate (sketch-backed),LOW,30,weeks-months,card testing / BIN enumeration on one device,candidate,,,,,
device_x_bin8__err_lost_stln__rate__w30d,1,A_base,L0,BIN-8 x Device fingerprint ID,device_x_bin8,composite,ERR rate,outcome,rate (num/denom),30 days,time,unconditioned,raw value,streaming aggregate (sketch-backed),LOW,50,weeks-months,card testing / BIN enumeration on one device,candidate,,,,,
device_x_bin8__err_rate__rate__w30d,1,A_base,L0,BIN-8 x Device fingerprint ID,device_x_bin8,composite,ERR rate (issuer decline),outcome,rate (num/denom),30 days,time,unconditioned,raw value,streaming aggregate (sketch-backed),MED - encodes current policy; re-baseline on threshold change,50,weeks-months,card testing / BIN enumeration on one device,candidate,,,,,
device_x_bin8__fail_then_ok__cnt__w1h,1,A_base,L0,BIN-8 x Device fingerprint ID,device_x_bin8,composite,Failed-auth-then-success cnt,behavior,count,1 hour,time,unconditioned,raw value,streaming aggregate (sketch-backed),LOW,5,weeks-months,card testing / BIN enumeration on one device,candidate,,,,,
device_x_bin8__fail_then_ok__sum__w1h,1,A_base,L0,BIN-8 x Device fingerprint ID,device_x_bin8,composite,Failed-auth-then-success cnt,behavior,sum,1 hour,time,unconditioned,raw value,streaming aggregate (sketch-backed),LOW,5,weeks-months,card testing / BIN enumeration on one device,candidate,,,,,
device_x_bin8__interarrival__cnt__w1h,1,A_base,L0,BIN-8 x Device fingerprint ID,device_x_bin8,composite,Inter-arrival seconds,behavior,count,1 hour,time,unconditioned,raw value,streaming aggregate (sketch-backed),LOW,5,weeks-months,card testing / BIN enumeration on one device,candidate,,,,,
device_x_bin8__interarrival__mean__w1h,1,A_base,L0,BIN-8 x Device fingerprint ID,device_x_bin8,composite,Inter-arrival seconds,behavior,mean,1 hour,time,unconditioned,raw value,streaming aggregate (sketch-backed),LOW,5,weeks-months,card testing / BIN enumeration on one device,candidate,,,,,
device_x_bin8__block_rate__rate__w30d,1,A_base,L0,BIN-8 x Device fingerprint ID,device_x_bin8,composite,Model block rate (policy),outcome,rate (num/denom),30 days,time,unconditioned,raw value,streaming aggregate (sketch-backed),MED - encodes current policy; re-baseline on threshold change,50,weeks-months,card testing / BIN enumeration on one device,candidate,,,,,
device_x_bin8__amt_repeat__rate__w1h,1,A_base,L0,BIN-8 x Device fingerprint ID,device_x_bin8,composite,Repeat-identical-amount rate,behavior,rate (num/denom),1 hour,time,unconditioned,raw value,streaming aggregate (sketch-backed),LOW,5,weeks-months,card testing / BIN enumeration on one device,candidate,,,,,
device_x_bin8__amt_escalate__cnt__w1h,1,A_base,L0,BIN-8 x Device fingerprint ID,device_x_bin8,composite,Small-then-large sequence cnt,behavior,count,1 hour,time,unconditioned,raw value,streaming aggregate (sketch-backed),LOW,5,weeks-months,card testing / BIN enumeration on one device,candidate,,,,,
device_x_bin8__amt_escalate__sum__w1h,1,A_base,L0,BIN-8 x Device fingerprint ID,device_x_bin8,composite,Small-then-large sequence cnt,behavior,sum,1 hour,time,unconditioned,raw value,streaming aggregate (sketch-backed),LOW,5,weeks-months,card testing / BIN enumeration on one device,candidate,,,,,
device_x_bin8__tc40_rate__rate__w30d,1,A_base,L0,BIN-8 x Device fingerprint ID,device_x_bin8,composite,TC40/SAFE alert rate,outcome,rate (num/denom),30 days,time,unconditioned,raw value,streaming aggregate (sketch-backed),HIGH - point-in-time on label_arrival_ts + out-of-fold encoding required,200,weeks-months,card testing / BIN enumeration on one device,candidate,,,,,
device_x_bin8__amt__cnt__w1h,1,A_base,L0,BIN-8 x Device fingerprint ID,device_x_bin8,composite,Transaction amount,velocity,count,1 hour,time,unconditioned,raw value,streaming aggregate (sketch-backed),LOW,5,weeks-months,card testing / BIN enumeration on one device,candidate,,,,,
device_x_bin8__amt__cnt__w30d,1,A_base,L0,BIN-8 x Device fingerprint ID,device_x_bin8,composite,Transaction amount,velocity,count,30 days,time,unconditioned,raw value,streaming aggregate (sketch-backed),LOW,30,weeks-months,card testing / BIN enumeration on one device,candidate,,,,,
device_x_bin8__amt__sum__w1h,1,A_base,L0,BIN-8 x Device fingerprint ID,device_x_bin8,composite,Transaction amount,velocity,sum,1 hour,time,unconditioned,raw value,streaming aggregate (sketch-backed),LOW,5,weeks-months,card testing / BIN enumeration on one device,candidate,,,,,
device_x_bin8__amt__sum__w30d,1,A_base,L0,BIN-8 x Device fingerprint ID,device_x_bin8,composite,Transaction amount,velocity,sum,30 days,time,unconditioned,raw value,streaming aggregate (sketch-backed),LOW,30,weeks-months,card testing / BIN enumeration on one device,candidate,,,,,
device_x_bin8__amt__mean__w1h,1,A_base,L0,BIN-8 x Device fingerprint ID,device_x_bin8,composite,Transaction amount,velocity,mean,1 hour,time,unconditioned,raw value,streaming aggregate (sketch-backed),LOW,5,weeks-months,card testing / BIN enumeration on one device,candidate,,,,,
device_x_bin8__amt__mean__w30d,1,A_base,L0,BIN-8 x Device fingerprint ID,device_x_bin8,composite,Transaction amount,velocity,mean,30 days,time,unconditioned,raw value,streaming aggregate (sketch-backed),LOW,30,weeks-months,card testing / BIN enumeration on one device,candidate,,,,,
device_x_bin8__txn_cnt__cnt__w1h,1,A_base,L0,BIN-8 x Device fingerprint ID,device_x_bin8,composite,Transaction count,velocity,count,1 hour,time,unconditioned,raw value,streaming aggregate (sketch-backed),LOW,5,weeks-months,card testing / BIN enumeration on one device,candidate,,,,,
device_x_bin8__txn_cnt__cnt__w30d,1,A_base,L0,BIN-8 x Device fingerprint ID,device_x_bin8,composite,Transaction count,velocity,count,30 days,time,unconditioned,raw value,streaming aggregate (sketch-backed),LOW,30,weeks-months,card testing / BIN enumeration on one device,candidate,,,,,
device_x_bin8__txn_cnt__sum__w1h,1,A_base,L0,BIN-8 x Device fingerprint ID,device_x_bin8,composite,Transaction count,velocity,sum,1 hour,time,unconditioned,raw value,streaming aggregate (sketch-backed),LOW,5,weeks-months,card testing / BIN enumeration on one device,candidate,,,,,
device_x_bin8__txn_cnt__sum__w30d,1,A_base,L0,BIN-8 x Device fingerprint ID,device_x_bin8,composite,Transaction count,velocity,sum,30 days,time,unconditioned,raw value,streaming aggregate (sketch-backed),LOW,30,weeks-months,card testing / BIN enumeration on one device,candidate,,,,,
bin8_x_recvctry__cb_fraud_rate__rate__w30d,1,A_base,L0,BIN-8 x Receiver country,bin8_x_recvctry,composite,CB rate,outcome,rate (num/denom),30 days,time,unconditioned,raw value,streaming aggregate (sketch-backed),HIGH - point-in-time on label_arrival_ts + out-of-fold encoding required,200,months-quarters,stolen-card issuer concentrated on one payout geo,candidate,,,,,
bin8_x_recvctry__cb_nonfr_rate__rate__w30d,1,A_base,L0,BIN-8 x Receiver country,bin8_x_recvctry,composite,CB rate,outcome,rate (num/denom),30 days,time,unconditioned,raw value,streaming aggregate (sketch-backed),HIGH - point-in-time on label_arrival_ts + out-of-fold encoding required,200,months-quarters,stolen-card issuer concentrated on one payout geo,candidate,,,,,
bin8_x_recvctry__champ_score__cnt__w30d,1,A_base,L0,BIN-8 x Receiver country,bin8_x_recvctry,composite,Champion model score,score,count,30 days,time,unconditioned,raw value,streaming aggregate (sketch-backed),MED - encodes current policy; re-baseline on threshold change,30,months-quarters,stolen-card issuer concentrated on one payout geo,candidate,,,,,
bin8_x_recvctry__champ_score__mean__w30d,1,A_base,L0,BIN-8 x Receiver country,bin8_x_recvctry,composite,Champion model score,score,mean,30 days,time,unconditioned,raw value,streaming aggregate (sketch-backed),MED - encodes current policy; re-baseline on threshold change,30,months-quarters,stolen-card issuer concentrated on one payout geo,candidate,,,,,
bin8_x_recvctry__cb_amt__cnt__w30d,1,A_base,L0,BIN-8 x Receiver country,bin8_x_recvctry,composite,Chargeback dollars,outcome,count,30 days,time,unconditioned,raw value,streaming aggregate (sketch-backed),HIGH - point-in-time on label_arrival_ts + out-of-fold encoding required,200,months-quarters,stolen-card issuer concentrated on one payout geo,candidate,,,,,
bin8_x_recvctry__cb_amt__sum__w30d,1,A_base,L0,BIN-8 x Receiver country,bin8_x_recvctry,composite,Chargeback dollars,outcome,sum,30 days,time,unconditioned,raw value,streaming aggregate (sketch-backed),HIGH - point-in-time on label_arrival_ts + out-of-fold encoding required,200,months-quarters,stolen-card issuer concentrated on one payout geo,candidate,,,,,
bin8_x_recvctry__cb_amt__mean__w30d,1,A_base,L0,BIN-8 x Receiver country,bin8_x_recvctry,composite,Chargeback dollars,outcome,mean,30 days,time,unconditioned,raw value,streaming aggregate (sketch-backed),HIGH - point-in-time on label_arrival_ts + out-of-fold encoding required,200,months-quarters,stolen-card issuer concentrated on one payout geo,candidate,,,,,
bin8_x_recvctry__cb_rate__rate__w30d,1,A_base,L0,BIN-8 x Receiver country,bin8_x_recvctry,composite,Chargeback rate,outcome,rate (num/denom),30 days,time,unconditioned,raw value,streaming aggregate (sketch-backed),HIGH - point-in-time on label_arrival_ts + out-of-fold encoding required,200,months-quarters,stolen-card issuer concentrated on one payout geo,candidate,,,,,
bin8_x_recvctry__den_rate__rate__w30d,1,A_base,L0,BIN-8 x Receiver country,bin8_x_recvctry,composite,DEN rate (downstream rules),outcome,rate (num/denom),30 days,time,unconditioned,raw value,streaming aggregate (sketch-backed),MED - encodes current policy; re-baseline on threshold change,50,months-quarters,stolen-card issuer concentrated on one payout geo,candidate,,,,,
bin8_x_recvctry__d_bin8__dcnt__w1h,1,A_base,L0,BIN-8 x Receiver country,bin8_x_recvctry,composite,Distinct BINs tried,velocity,distinct count,1 hour,time,unconditioned,raw value,streaming aggregate (sketch-backed),LOW,5,months-quarters,stolen-card issuer concentrated on one payout geo,candidate,,,,,
bin8_x_recvctry__d_bin8__dcnt__w30d,1,A_base,L0,BIN-8 x Receiver country,bin8_x_recvctry,composite,Distinct BINs tried,velocity,distinct count,30 days,time,unconditioned,raw value,streaming aggregate (sketch-backed),LOW,30,months-quarters,stolen-card issuer concentrated on one payout geo,candidate,,,,,
bin8_x_recvctry__d_pan__dcnt__w1h,1,A_base,L0,BIN-8 x Receiver country,bin8_x_recvctry,composite,Distinct cards,velocity,distinct count,1 hour,time,unconditioned,raw value,streaming aggregate (sketch-backed),LOW,5,months-quarters,stolen-card issuer concentrated on one payout geo,candidate,,,,,
bin8_x_recvctry__d_pan__dcnt__w30d,1,A_base,L0,BIN-8 x Receiver country,bin8_x_recvctry,composite,Distinct cards,velocity,distinct count,30 days,time,unconditioned,raw value,streaming aggregate (sketch-backed),LOW,30,months-quarters,stolen-card issuer concentrated on one payout geo,candidate,,,,,
bin8_x_recvctry__d_cust__dcnt__w1h,1,A_base,L0,BIN-8 x Receiver country,bin8_x_recvctry,composite,Distinct customers,velocity,distinct count,1 hour,time,unconditioned,raw value,streaming aggregate (sketch-backed),LOW,5,months-quarters,stolen-card issuer concentrated on one payout geo,candidate,,,,,
bin8_x_recvctry__d_cust__dcnt__w30d,1,A_base,L0,BIN-8 x Receiver country,bin8_x_recvctry,composite,Distinct customers,velocity,distinct count,30 days,time,unconditioned,raw value,streaming aggregate (sketch-backed),LOW,30,months-quarters,stolen-card issuer concentrated on one payout geo,candidate,,,,,
bin8_x_recvctry__d_device__dcnt__w1h,1,A_base,L0,BIN-8 x Receiver country,bin8_x_recvctry,composite,Distinct devices,velocity,distinct count,1 hour,time,unconditioned,raw value,streaming aggregate (sketch-backed),LOW,5,months-quarters,stolen-card issuer concentrated on one payout geo,candidate,,,,,
bin8_x_recvctry__d_device__dcnt__w30d,1,A_base,L0,BIN-8 x Receiver country,bin8_x_recvctry,composite,Distinct devices,velocity,distinct count,30 days,time,unconditioned,raw value,streaming aggregate (sketch-backed),LOW,30,months-quarters,stolen-card issuer concentrated on one payout geo,candidate,,,,,
bin8_x_recvctry__d_email__dcnt__w1h,1,A_base,L0,BIN-8 x Receiver country,bin8_x_recvctry,composite,Distinct emails,velocity,distinct count,1 hour,time,unconditioned,raw value,streaming aggregate (sketch-backed),LOW,5,months-quarters,stolen-card issuer concentrated on one payout geo,candidate,,,,,
bin8_x_recvctry__d_email__dcnt__w30d,1,A_base,L0,BIN-8 x Receiver country,bin8_x_recvctry,composite,Distinct emails,velocity,distinct count,30 days,time,unconditioned,raw value,streaming aggregate (sketch-backed),LOW,30,months-quarters,stolen-card issuer concentrated on one payout geo,candidate,,,,,
bin8_x_recvctry__d_receiver__dcnt__w1h,1,A_base,L0,BIN-8 x Receiver country,bin8_x_recvctry,composite,Distinct receivers (fan-out),velocity,distinct count,1 hour,time,unconditioned,raw value,streaming aggregate (sketch-backed),LOW,5,months-quarters,stolen-card issuer concentrated on one payout geo,candidate,,,,,
bin8_x_recvctry__d_receiver__dcnt__w30d,1,A_base,L0,BIN-8 x Receiver country,bin8_x_recvctry,composite,Distinct receivers (fan-out),velocity,distinct count,30 days,time,unconditioned,raw value,streaming aggregate (sketch-backed),LOW,30,months-quarters,stolen-card issuer concentrated on one payout geo,candidate,,,,,
bin8_x_recvctry__d_sender__dcnt__w1h,1,A_base,L0,BIN-8 x Receiver country,bin8_x_recvctry,composite,Distinct senders (fan-in),velocity,distinct count,1 hour,time,unconditioned,raw value,streaming aggregate (sketch-backed),LOW,5,months-quarters,stolen-card issuer concentrated on one payout geo,candidate,,,,,
bin8_x_recvctry__d_sender__dcnt__w30d,1,A_base,L0,BIN-8 x Receiver country,bin8_x_recvctry,composite,Distinct senders (fan-in),velocity,distinct count,30 days,time,unconditioned,raw value,streaming aggregate (sketch-backed),LOW,30,months-quarters,stolen-card issuer concentrated on one payout geo,candidate,,,,,
bin8_x_recvctry__err_lost_stln__rate__w30d,1,A_base,L0,BIN-8 x Receiver country,bin8_x_recvctry,composite,ERR rate,outcome,rate (num/denom),30 days,time,unconditioned,raw value,streaming aggregate (sketch-backed),LOW,50,months-quarters,stolen-card issuer concentrated on one payout geo,candidate,,,,,
bin8_x_recvctry__err_rate__rate__w30d,1,A_base,L0,BIN-8 x Receiver country,bin8_x_recvctry,composite,ERR rate (issuer decline),outcome,rate (num/denom),30 days,time,unconditioned,raw value,streaming aggregate (sketch-backed),MED - encodes current policy; re-baseline on threshold change,50,months-quarters,stolen-card issuer concentrated on one payout geo,candidate,,,,,
bin8_x_recvctry__fail_then_ok__cnt__w1h,1,A_base,L0,BIN-8 x Receiver country,bin8_x_recvctry,composite,Failed-auth-then-success cnt,behavior,count,1 hour,time,unconditioned,raw value,streaming aggregate (sketch-backed),LOW,5,months-quarters,stolen-card issuer concentrated on one payout geo,candidate,,,,,
bin8_x_recvctry__fail_then_ok__sum__w1h,1,A_base,L0,BIN-8 x Receiver country,bin8_x_recvctry,composite,Failed-auth-then-success cnt,behavior,sum,1 hour,time,unconditioned,raw value,streaming aggregate (sketch-backed),LOW,5,months-quarters,stolen-card issuer concentrated on one payout geo,candidate,,,,,
bin8_x_recvctry__interarrival__cnt__w1h,1,A_base,L0,BIN-8 x Receiver country,bin8_x_recvctry,composite,Inter-arrival seconds,behavior,count,1 hour,time,unconditioned,raw value,streaming aggregate (sketch-backed),LOW,5,months-quarters,stolen-card issuer concentrated on one payout geo,candidate,,,,,
bin8_x_recvctry__interarrival__mean__w1h,1,A_base,L0,BIN-8 x Receiver country,bin8_x_recvctry,composite,Inter-arrival seconds,behavior,mean,1 hour,time,unconditioned,raw value,streaming aggregate (sketch-backed),LOW,5,months-quarters,stolen-card issuer concentrated on one payout geo,candidate,,,,,
bin8_x_recvctry__block_rate__rate__w30d,1,A_base,L0,BIN-8 x Receiver country,bin8_x_recvctry,composite,Model block rate (policy),outcome,rate (num/denom),30 days,time,unconditioned,raw value,streaming aggregate (sketch-backed),MED - encodes current policy; re-baseline on threshold change,50,months-quarters,stolen-card issuer concentrated on one payout geo,candidate,,,,,
bin8_x_recvctry__amt_repeat__rate__w1h,1,A_base,L0,BIN-8 x Receiver country,bin8_x_recvctry,composite,Repeat-identical-amount rate,behavior,rate (num/denom),1 hour,time,unconditioned,raw value,streaming aggregate (sketch-backed),LOW,5,months-quarters,stolen-card issuer concentrated on one payout geo,candidate,,,,,
bin8_x_recvctry__amt_escalate__cnt__w1h,1,A_base,L0,BIN-8 x Receiver country,bin8_x_recvctry,composite,Small-then-large sequence cnt,behavior,count,1 hour,time,unconditioned,raw value,streaming aggregate (sketch-backed),LOW,5,months-quarters,stolen-card issuer concentrated on one payout geo,candidate,,,,,
bin8_x_recvctry__amt_escalate__sum__w1h,1,A_base,L0,BIN-8 x Receiver country,bin8_x_recvctry,composite,Small-then-large sequence cnt,behavior,sum,1 hour,time,unconditioned,raw value,streaming aggregate (sketch-backed),LOW,5,months-quarters,stolen-card issuer concentrated on one payout geo,candidate,,,,,
bin8_x_recvctry__tc40_rate__rate__w30d,1,A_base,L0,BIN-8 x Receiver country,bin8_x_recvctry,composite,TC40/SAFE alert rate,outcome,rate (num/denom),30 days,time,unconditioned,raw value,streaming aggregate (sketch-backed),HIGH - point-in-time on label_arrival_ts + out-of-fold encoding required,200,months-quarters,stolen-card issuer concentrated on one payout geo,candidate,,,,,
bin8_x_recvctry__amt__cnt__w1h,1,A_base,L0,BIN-8 x Receiver country,bin8_x_recvctry,composite,Transaction amount,velocity,count,1 hour,time,unconditioned,raw value,streaming aggregate (sketch-backed),LOW,5,months-quarters,stolen-card issuer concentrated on one payout geo,candidate,,,,,
bin8_x_recvctry__amt__cnt__w30d,1,A_base,L0,BIN-8 x Receiver country,bin8_x_recvctry,composite,Transaction amount,velocity,count,30 days,time,unconditioned,raw value,streaming aggregate (sketch-backed),LOW,30,months-quarters,stolen-card issuer concentrated on one payout geo,candidate,,,,,
bin8_x_recvctry__amt__sum__w1h,1,A_base,L0,BIN-8 x Receiver country,bin8_x_recvctry,composite,Transaction amount,velocity,sum,1 hour,time,unconditioned,raw value,streaming aggregate (sketch-backed),LOW,5,months-quarters,stolen-card issuer concentrated on one payout geo,candidate,,,,,
bin8_x_recvctry__amt__sum__w30d,1,A_base,L0,BIN-8 x Receiver country,bin8_x_recvctry,composite,Transaction amount,velocity,sum,30 days,time,unconditioned,raw value,streaming aggregate (sketch-backed),LOW,30,months-quarters,stolen-card issuer concentrated on one payout geo,candidate,,,,,
bin8_x_recvctry__amt__mean__w1h,1,A_base,L0,BIN-8 x Receiver country,bin8_x_recvctry,composite,Transaction amount,velocity,mean,1 hour,time,unconditioned,raw value,streaming aggregate (sketch-backed),LOW,5,months-quarters,stolen-card issuer concentrated on one payout geo,candidate,,,,,
bin8_x_recvctry__amt__mean__w30d,1,A_base,L0,BIN-8 x Receiver country,bin8_x_recvctry,composite,Transaction amount,velocity,mean,30 days,time,unconditioned,raw value,streaming aggregate (sketch-backed),LOW,30,months-quarters,stolen-card issuer concentrated on one payout geo,candidate,,,,,
bin8_x_recvctry__txn_cnt__cnt__w1h,1,A_base,L0,BIN-8 x Receiver country,bin8_x_recvctry,composite,Transaction count,velocity,count,1 hour,time,unconditioned,raw value,streaming aggregate (sketch-backed),LOW,5,months-quarters,stolen-card issuer concentrated on one payout geo,candidate,,,,,
bin8_x_recvctry__txn_cnt__cnt__w30d,1,A_base,L0,BIN-8 x Receiver country,bin8_x_recvctry,composite,Transaction count,velocity,count,30 days,time,unconditioned,raw value,streaming aggregate (sketch-backed),LOW,30,months-quarters,stolen-card issuer concentrated on one payout geo,candidate,,,,,
bin8_x_recvctry__txn_cnt__sum__w1h,1,A_base,L0,BIN-8 x Receiver country,bin8_x_recvctry,composite,Transaction count,velocity,sum,1 hour,time,unconditioned,raw value,streaming aggregate (sketch-backed),LOW,5,months-quarters,stolen-card issuer concentrated on one payout geo,candidate,,,,,
bin8_x_recvctry__txn_cnt__sum__w30d,1,A_base,L0,BIN-8 x Receiver country,bin8_x_recvctry,composite,Transaction count,velocity,sum,30 days,time,unconditioned,raw value,streaming aggregate (sketch-backed),LOW,30,months-quarters,stolen-card issuer concentrated on one payout geo,candidate,,,,,
recvacct_x_bin8__cb_fraud_rate__rate__w30d,1,A_base,L0,BIN-8 x Receiver payout account/IBAN,recvacct_x_bin8,composite,CB rate,outcome,rate (num/denom),30 days,time,unconditioned,raw value,streaming aggregate (sketch-backed),HIGH - point-in-time on label_arrival_ts + out-of-fold encoding required,200,months-quarters,cash-out account funded by one issuer's cards,candidate,,,,,
recvacct_x_bin8__cb_nonfr_rate__rate__w30d,1,A_base,L0,BIN-8 x Receiver payout account/IBAN,recvacct_x_bin8,composite,CB rate,outcome,rate (num/denom),30 days,time,unconditioned,raw value,streaming aggregate (sketch-backed),HIGH - point-in-time on label_arrival_ts + out-of-fold encoding required,200,months-quarters,cash-out account funded by one issuer's cards,candidate,,,,,
recvacct_x_bin8__champ_score__cnt__w30d,1,A_base,L0,BIN-8 x Receiver payout account/IBAN,recvacct_x_bin8,composite,Champion model score,score,count,30 days,time,unconditioned,raw value,streaming aggregate (sketch-backed),MED - encodes current policy; re-baseline on threshold change,30,months-quarters,cash-out account funded by one issuer's cards,candidate,,,,,
recvacct_x_bin8__champ_score__mean__w30d,1,A_base,L0,BIN-8 x Receiver payout account/IBAN,recvacct_x_bin8,composite,Champion model score,score,mean,30 days,time,unconditioned,raw value,streaming aggregate (sketch-backed),MED - encodes current policy; re-baseline on threshold change,30,months-quarters,cash-out account funded by one issuer's cards,candidate,,,,,
recvacct_x_bin8__cb_amt__cnt__w30d,1,A_base,L0,BIN-8 x Receiver payout account/IBAN,recvacct_x_bin8,composite,Chargeback dollars,outcome,count,30 days,time,unconditioned,raw value,streaming aggregate (sketch-backed),HIGH - point-in-time on label_arrival_ts + out-of-fold encoding required,200,months-quarters,cash-out account funded by one issuer's cards,candidate,,,,,
recvacct_x_bin8__cb_amt__sum__w30d,1,A_base,L0,BIN-8 x Receiver payout account/IBAN,recvacct_x_bin8,composite,Chargeback dollars,outcome,sum,30 days,time,unconditioned,raw value,streaming aggregate (sketch-backed),HIGH - point-in-time on label_arrival_ts + out-of-fold encoding required,200,months-quarters,cash-out account funded by one issuer's cards,candidate,,,,,
recvacct_x_bin8__cb_amt__mean__w30d,1,A_base,L0,BIN-8 x Receiver payout account/IBAN,recvacct_x_bin8,composite,Chargeback dollars,outcome,mean,30 days,time,unconditioned,raw value,streaming aggregate (sketch-backed),HIGH - point-in-time on label_arrival_ts + out-of-fold encoding required,200,months-quarters,cash-out account funded by one issuer's cards,candidate,,,,,
recvacct_x_bin8__cb_rate__rate__w30d,1,A_base,L0,BIN-8 x Receiver payout account/IBAN,recvacct_x_bin8,composite,Chargeback rate,outcome,rate (num/denom),30 days,time,unconditioned,raw value,streaming aggregate (sketch-backed),HIGH - point-in-time on label_arrival_ts + out-of-fold encoding required,200,months-quarters,cash-out account funded by one issuer's cards,candidate,,,,,
recvacct_x_bin8__den_rate__rate__w30d,1,A_base,L0,BIN-8 x Receiver payout account/IBAN,recvacct_x_bin8,composite,DEN rate (downstream rules),outcome,rate (num/denom),30 days,time,unconditioned,raw value,streaming aggregate (sketch-backed),MED - encodes current policy; re-baseline on threshold change,50,months-quarters,cash-out account funded by one issuer's cards,candidate,,,,,
recvacct_x_bin8__d_bin8__dcnt__w1h,1,A_base,L0,BIN-8 x Receiver payout account/IBAN,recvacct_x_bin8,composite,Distinct BINs tried,velocity,distinct count,1 hour,time,unconditioned,raw value,streaming aggregate (sketch-backed),LOW,5,months-quarters,cash-out account funded by one issuer's cards,candidate,,,,,
recvacct_x_bin8__d_bin8__dcnt__w30d,1,A_base,L0,BIN-8 x Receiver payout account/IBAN,recvacct_x_bin8,composite,Distinct BINs tried,velocity,distinct count,30 days,time,unconditioned,raw value,streaming aggregate (sketch-backed),LOW,30,months-quarters,cash-out account funded by one issuer's cards,candidate,,,,,
recvacct_x_bin8__d_pan__dcnt__w1h,1,A_base,L0,BIN-8 x Receiver payout account/IBAN,recvacct_x_bin8,composite,Distinct cards,velocity,distinct count,1 hour,time,unconditioned,raw value,streaming aggregate (sketch-backed),LOW,5,months-quarters,cash-out account funded by one issuer's cards,candidate,,,,,
recvacct_x_bin8__d_pan__dcnt__w30d,1,A_base,L0,BIN-8 x Receiver payout account/IBAN,recvacct_x_bin8,composite,Distinct cards,velocity,distinct count,30 days,time,unconditioned,raw value,streaming aggregate (sketch-backed),LOW,30,months-quarters,cash-out account funded by one issuer's cards,candidate,,,,,
recvacct_x_bin8__d_cust__dcnt__w1h,1,A_base,L0,BIN-8 x Receiver payout account/IBAN,recvacct_x_bin8,composite,Distinct customers,velocity,distinct count,1 hour,time,unconditioned,raw value,streaming aggregate (sketch-backed),LOW,5,months-quarters,cash-out account funded by one issuer's cards,candidate,,,,,
recvacct_x_bin8__d_cust__dcnt__w30d,1,A_base,L0,BIN-8 x Receiver payout account/IBAN,recvacct_x_bin8,composite,Distinct customers,velocity,distinct count,30 days,time,unconditioned,raw value,streaming aggregate (sketch-backed),LOW,30,months-quarters,cash-out account funded by one issuer's cards,candidate,,,,,
recvacct_x_bin8__d_device__dcnt__w1h,1,A_base,L0,BIN-8 x Receiver payout account/IBAN,recvacct_x_bin8,composite,Distinct devices,velocity,distinct count,1 hour,time,unconditioned,raw value,streaming aggregate (sketch-backed),LOW,5,months-quarters,cash-out account funded by one issuer's cards,candidate,,,,,
recvacct_x_bin8__d_device__dcnt__w30d,1,A_base,L0,BIN-8 x Receiver payout account/IBAN,recvacct_x_bin8,composite,Distinct devices,velocity,distinct count,30 days,time,unconditioned,raw value,streaming aggregate (sketch-backed),LOW,30,months-quarters,cash-out account funded by one issuer's cards,candidate,,,,,
recvacct_x_bin8__d_email__dcnt__w1h,1,A_base,L0,BIN-8 x Receiver payout account/IBAN,recvacct_x_bin8,composite,Distinct emails,velocity,distinct count,1 hour,time,unconditioned,raw value,streaming aggregate (sketch-backed),LOW,5,months-quarters,cash-out account funded by one issuer's cards,candidate,,,,,
recvacct_x_bin8__d_email__dcnt__w30d,1,A_base,L0,BIN-8 x Receiver payout account/IBAN,recvacct_x_bin8,composite,Distinct emails,velocity,distinct count,30 days,time,unconditioned,raw value,streaming aggregate (sketch-backed),LOW,30,months-quarters,cash-out account funded by one issuer's cards,candidate,,,,,
recvacct_x_bin8__d_receiver__dcnt__w1h,1,A_base,L0,BIN-8 x Receiver payout account/IBAN,recvacct_x_bin8,composite,Distinct receivers (fan-out),velocity,distinct count,1 hour,time,unconditioned,raw value,streaming aggregate (sketch-backed),LOW,5,months-quarters,cash-out account funded by one issuer's cards,candidate,,,,,
recvacct_x_bin8__d_receiver__dcnt__w30d,1,A_base,L0,BIN-8 x Receiver payout account/IBAN,recvacct_x_bin8,composite,Distinct receivers (fan-out),velocity,distinct count,30 days,time,unconditioned,raw value,streaming aggregate (sketch-backed),LOW,30,months-quarters,cash-out account funded by one issuer's cards,candidate,,,,,
recvacct_x_bin8__d_sender__dcnt__w1h,1,A_base,L0,BIN-8 x Receiver payout account/IBAN,recvacct_x_bin8,composite,Distinct senders (fan-in),velocity,distinct count,1 hour,time,unconditioned,raw value,streaming aggregate (sketch-backed),LOW,5,months-quarters,cash-out account funded by one issuer's cards,candidate,,,,,
recvacct_x_bin8__d_sender__dcnt__w30d,1,A_base,L0,BIN-8 x Receiver payout account/IBAN,recvacct_x_bin8,composite,Distinct senders (fan-in),velocity,distinct count,30 days,time,unconditioned,raw value,streaming aggregate (sketch-backed),LOW,30,months-quarters,cash-out account funded by one issuer's cards,candidate,,,,,
recvacct_x_bin8__err_lost_stln__rate__w30d,1,A_base,L0,BIN-8 x Receiver payout account/IBAN,recvacct_x_bin8,composite,ERR rate,outcome,rate (num/denom),30 days,time,unconditioned,raw value,streaming aggregate (sketch-backed),LOW,50,months-quarters,cash-out account funded by one issuer's cards,candidate,,,,,
recvacct_x_bin8__err_rate__rate__w30d,1,A_base,L0,BIN-8 x Receiver payout account/IBAN,recvacct_x_bin8,composite,ERR rate (issuer decline),outcome,rate (num/denom),30 days,time,unconditioned,raw value,streaming aggregate (sketch-backed),MED - encodes current policy; re-baseline on threshold change,50,months-quarters,cash-out account funded by one issuer's cards,candidate,,,,,
recvacct_x_bin8__fail_then_ok__cnt__w1h,1,A_base,L0,BIN-8 x Receiver payout account/IBAN,recvacct_x_bin8,composite,Failed-auth-then-success cnt,behavior,count,1 hour,time,unconditioned,raw value,streaming aggregate (sketch-backed),LOW,5,months-quarters,cash-out account funded by one issuer's cards,candidate,,,,,
recvacct_x_bin8__fail_then_ok__sum__w1h,1,A_base,L0,BIN-8 x Receiver payout account/IBAN,recvacct_x_bin8,composite,Failed-auth-then-success cnt,behavior,sum,1 hour,time,unconditioned,raw value,streaming aggregate (sketch-backed),LOW,5,months-quarters,cash-out account funded by one issuer's cards,candidate,,,,,
recvacct_x_bin8__interarrival__cnt__w1h,1,A_base,L0,BIN-8 x Receiver payout account/IBAN,recvacct_x_bin8,composite,Inter-arrival seconds,behavior,count,1 hour,time,unconditioned,raw value,streaming aggregate (sketch-backed),LOW,5,months-quarters,cash-out account funded by one issuer's cards,candidate,,,,,
recvacct_x_bin8__interarrival__mean__w1h,1,A_base,L0,BIN-8 x Receiver payout account/IBAN,recvacct_x_bin8,composite,Inter-arrival seconds,behavior,mean,1 hour,time,unconditioned,raw value,streaming aggregate (sketch-backed),LOW,5,months-quarters,cash-out account funded by one issuer's cards,candidate,,,,,
recvacct_x_bin8__block_rate__rate__w30d,1,A_base,L0,BIN-8 x Receiver payout account/IBAN,recvacct_x_bin8,composite,Model block rate (policy),outcome,rate (num/denom),30 days,time,unconditioned,raw value,streaming aggregate (sketch-backed),MED - encodes current policy; re-baseline on threshold change,50,months-quarters,cash-out account funded by one issuer's cards,candidate,,,,,
recvacct_x_bin8__amt_repeat__rate__w1h,1,A_base,L0,BIN-8 x Receiver payout account/IBAN,recvacct_x_bin8,composite,Repeat-identical-amount rate,behavior,rate (num/denom),1 hour,time,unconditioned,raw value,streaming aggregate (sketch-backed),LOW,5,months-quarters,cash-out account funded by one issuer's cards,candidate,,,,,
recvacct_x_bin8__amt_escalate__cnt__w1h,1,A_base,L0,BIN-8 x Receiver payout account/IBAN,recvacct_x_bin8,composite,Small-then-large sequence cnt,behavior,count,1 hour,time,unconditioned,raw value,streaming aggregate (sketch-backed),LOW,5,months-quarters,cash-out account funded by one issuer's cards,candidate,,,,,
recvacct_x_bin8__amt_escalate__sum__w1h,1,A_base,L0,BIN-8 x Receiver payout account/IBAN,recvacct_x_bin8,composite,Small-then-large sequence cnt,behavior,sum,1 hour,time,unconditioned,raw value,streaming aggregate (sketch-backed),LOW,5,months-quarters,cash-out account funded by one issuer's cards,candidate,,,,,
recvacct_x_bin8__tc40_rate__rate__w30d,1,A_base,L0,BIN-8 x Receiver payout account/IBAN,recvacct_x_bin8,composite,TC40/SAFE alert rate,outcome,rate (num/denom),30 days,time,unconditioned,raw value,streaming aggregate (sketch-backed),HIGH - point-in-time on label_arrival_ts + out-of-fold encoding required,200,months-quarters,cash-out account funded by one issuer's cards,candidate,,,,,
recvacct_x_bin8__amt__cnt__w1h,1,A_base,L0,BIN-8 x Receiver payout account/IBAN,recvacct_x_bin8,composite,Transaction amount,velocity,count,1 hour,time,unconditioned,raw value,streaming aggregate (sketch-backed),LOW,5,months-quarters,cash-out account funded by one issuer's cards,candidate,,,,,
recvacct_x_bin8__amt__cnt__w30d,1,A_base,L0,BIN-8 x Receiver payout account/IBAN,recvacct_x_bin8,composite,Transaction amount,velocity,count,30 days,time,unconditioned,raw value,streaming aggregate (sketch-backed),LOW,30,months-quarters,cash-out account funded by one issuer's cards,candidate,,,,,
recvacct_x_bin8__amt__sum__w1h,1,A_base,L0,BIN-8 x Receiver payout account/IBAN,recvacct_x_bin8,composite,Transaction amount,velocity,sum,1 hour,time,unconditioned,raw value,streaming aggregate (sketch-backed),LOW,5,months-quarters,cash-out account funded by one issuer's cards,candidate,,,,,
recvacct_x_bin8__amt__sum__w30d,1,A_base,L0,BIN-8 x Receiver payout account/IBAN,recvacct_x_bin8,composite,Transaction amount,velocity,sum,30 days,time,unconditioned,raw value,streaming aggregate (sketch-backed),LOW,30,months-quarters,cash-out account funded by one issuer's cards,candidate,,,,,
recvacct_x_bin8__amt__mean__w1h,1,A_base,L0,BIN-8 x Receiver payout account/IBAN,recvacct_x_bin8,composite,Transaction amount,velocity,mean,1 hour,time,unconditioned,raw value,streaming aggregate (sketch-backed),LOW,5,months-quarters,cash-out account funded by one issuer's cards,candidate,,,,,
recvacct_x_bin8__amt__mean__w30d,1,A_base,L0,BIN-8 x Receiver payout account/IBAN,recvacct_x_bin8,composite,Transaction amount,velocity,mean,30 days,time,unconditioned,raw value,streaming aggregate (sketch-backed),LOW,30,months-quarters,cash-out account funded by one issuer's cards,candidate,,,,,
recvacct_x_bin8__txn_cnt__cnt__w1h,1,A_base,L0,BIN-8 x Receiver payout account/IBAN,recvacct_x_bin8,composite,Transaction count,velocity,count,1 hour,time,unconditioned,raw value,streaming aggregate (sketch-backed),LOW,5,months-quarters,cash-out account funded by one issuer's cards,candidate,,,,,
recvacct_x_bin8__txn_cnt__cnt__w30d,1,A_base,L0,BIN-8 x Receiver payout account/IBAN,recvacct_x_bin8,composite,Transaction count,velocity,count,30 days,time,unconditioned,raw value,streaming aggregate (sketch-backed),LOW,30,months-quarters,cash-out account funded by one issuer's cards,candidate,,,,,
recvacct_x_bin8__txn_cnt__sum__w1h,1,A_base,L0,BIN-8 x Receiver payout account/IBAN,recvacct_x_bin8,composite,Transaction count,velocity,sum,1 hour,time,unconditioned,raw value,streaming aggregate (sketch-backed),LOW,5,months-quarters,cash-out account funded by one issuer's cards,candidate,,,,,
recvacct_x_bin8__txn_cnt__sum__w30d,1,A_base,L0,BIN-8 x Receiver payout account/IBAN,recvacct_x_bin8,composite,Transaction count,velocity,sum,30 days,time,unconditioned,raw value,streaming aggregate (sketch-backed),LOW,30,months-quarters,cash-out account funded by one issuer's cards,candidate,,,,,
addrship_x_pan__cb_fraud_rate__rate__w30d,1,A_base,L0,Card token / PAN hash x Normalized ship/payout addr,addrship_x_pan,composite,CB rate,outcome,rate (num/denom),30 days,time,unconditioned,raw value,streaming aggregate (sketch-backed),HIGH - point-in-time on label_arrival_ts + out-of-fold encoding required,200,weeks-months,drop address reuse across cards,candidate,,,,,
addrship_x_pan__cb_nonfr_rate__rate__w30d,1,A_base,L0,Card token / PAN hash x Normalized ship/payout addr,addrship_x_pan,composite,CB rate,outcome,rate (num/denom),30 days,time,unconditioned,raw value,streaming aggregate (sketch-backed),HIGH - point-in-time on label_arrival_ts + out-of-fold encoding required,200,weeks-months,drop address reuse across cards,candidate,,,,,
addrship_x_pan__champ_score__cnt__w30d,1,A_base,L0,Card token / PAN hash x Normalized ship/payout addr,addrship_x_pan,composite,Champion model score,score,count,30 days,time,unconditioned,raw value,streaming aggregate (sketch-backed),MED - encodes current policy; re-baseline on threshold change,30,weeks-months,drop address reuse across cards,candidate,,,,,
addrship_x_pan__champ_score__mean__w30d,1,A_base,L0,Card token / PAN hash x Normalized ship/payout addr,addrship_x_pan,composite,Champion model score,score,mean,30 days,time,unconditioned,raw value,streaming aggregate (sketch-backed),MED - encodes current policy; re-baseline on threshold change,30,weeks-months,drop address reuse across cards,candidate,,,,,
addrship_x_pan__cb_amt__cnt__w30d,1,A_base,L0,Card token / PAN hash x Normalized ship/payout addr,addrship_x_pan,composite,Chargeback dollars,outcome,count,30 days,time,unconditioned,raw value,streaming aggregate (sketch-backed),HIGH - point-in-time on label_arrival_ts + out-of-fold encoding required,200,weeks-months,drop address reuse across cards,candidate,,,,,
addrship_x_pan__cb_amt__sum__w30d,1,A_base,L0,Card token / PAN hash x Normalized ship/payout addr,addrship_x_pan,composite,Chargeback dollars,outcome,sum,30 days,time,unconditioned,raw value,streaming aggregate (sketch-backed),HIGH - point-in-time on label_arrival_ts + out-of-fold encoding required,200,weeks-months,drop address reuse across cards,candidate,,,,,
addrship_x_pan__cb_amt__mean__w30d,1,A_base,L0,Card token / PAN hash x Normalized ship/payout addr,addrship_x_pan,composite,Chargeback dollars,outcome,mean,30 days,time,unconditioned,raw value,streaming aggregate (sketch-backed),HIGH - point-in-time on label_arrival_ts + out-of-fold encoding required,200,weeks-months,drop address reuse across cards,candidate,,,,,
addrship_x_pan__cb_rate__rate__w30d,1,A_base,L0,Card token / PAN hash x Normalized ship/payout addr,addrship_x_pan,composite,Chargeback rate,outcome,rate (num/denom),30 days,time,unconditioned,raw value,streaming aggregate (sketch-backed),HIGH - point-in-time on label_arrival_ts + out-of-fold encoding required,200,weeks-months,drop address reuse across cards,candidate,,,,,
addrship_x_pan__den_rate__rate__w30d,1,A_base,L0,Card token / PAN hash x Normalized ship/payout addr,addrship_x_pan,composite,DEN rate (downstream rules),outcome,rate (num/denom),30 days,time,unconditioned,raw value,streaming aggregate (sketch-backed),MED - encodes current policy; re-baseline on threshold change,50,weeks-months,drop address reuse across cards,candidate,,,,,
addrship_x_pan__d_bin8__dcnt__w1h,1,A_base,L0,Card token / PAN hash x Normalized ship/payout addr,addrship_x_pan,composite,Distinct BINs tried,velocity,distinct count,1 hour,time,unconditioned,raw value,streaming aggregate (sketch-backed),LOW,5,weeks-months,drop address reuse across cards,candidate,,,,,
addrship_x_pan__d_bin8__dcnt__w30d,1,A_base,L0,Card token / PAN hash x Normalized ship/payout addr,addrship_x_pan,composite,Distinct BINs tried,velocity,distinct count,30 days,time,unconditioned,raw value,streaming aggregate (sketch-backed),LOW,30,weeks-months,drop address reuse across cards,candidate,,,,,
addrship_x_pan__d_pan__dcnt__w1h,1,A_base,L0,Card token / PAN hash x Normalized ship/payout addr,addrship_x_pan,composite,Distinct cards,velocity,distinct count,1 hour,time,unconditioned,raw value,streaming aggregate (sketch-backed),LOW,5,weeks-months,drop address reuse across cards,candidate,,,,,
addrship_x_pan__d_pan__dcnt__w30d,1,A_base,L0,Card token / PAN hash x Normalized ship/payout addr,addrship_x_pan,composite,Distinct cards,velocity,distinct count,30 days,time,unconditioned,raw value,streaming aggregate (sketch-backed),LOW,30,weeks-months,drop address reuse across cards,candidate,,,,,
addrship_x_pan__d_cust__dcnt__w1h,1,A_base,L0,Card token / PAN hash x Normalized ship/payout addr,addrship_x_pan,composite,Distinct customers,velocity,distinct count,1 hour,time,unconditioned,raw value,streaming aggregate (sketch-backed),LOW,5,weeks-months,drop address reuse across cards,candidate,,,,,
addrship_x_pan__d_cust__dcnt__w30d,1,A_base,L0,Card token / PAN hash x Normalized ship/payout addr,addrship_x_pan,composite,Distinct customers,velocity,distinct count,30 days,time,unconditioned,raw value,streaming aggregate (sketch-backed),LOW,30,weeks-months,drop address reuse across cards,candidate,,,,,
addrship_x_pan__d_device__dcnt__w1h,1,A_base,L0,Card token / PAN hash x Normalized ship/payout addr,addrship_x_pan,composite,Distinct devices,velocity,distinct count,1 hour,time,unconditioned,raw value,streaming aggregate (sketch-backed),LOW,5,weeks-months,drop address reuse across cards,candidate,,,,,
addrship_x_pan__d_device__dcnt__w30d,1,A_base,L0,Card token / PAN hash x Normalized ship/payout addr,addrship_x_pan,composite,Distinct devices,velocity,distinct count,30 days,time,unconditioned,raw value,streaming aggregate (sketch-backed),LOW,30,weeks-months,drop address reuse across cards,candidate,,,,,
addrship_x_pan__d_email__dcnt__w1h,1,A_base,L0,Card token / PAN hash x Normalized ship/payout addr,addrship_x_pan,composite,Distinct emails,velocity,distinct count,1 hour,time,unconditioned,raw value,streaming aggregate (sketch-backed),LOW,5,weeks-months,drop address reuse across cards,candidate,,,,,
addrship_x_pan__d_email__dcnt__w30d,1,A_base,L0,Card token / PAN hash x Normalized ship/payout addr,addrship_x_pan,composite,Distinct emails,velocity,distinct count,30 days,time,unconditioned,raw value,streaming aggregate (sketch-backed),LOW,30,weeks-months,drop address reuse across cards,candidate,,,,,
addrship_x_pan__d_receiver__dcnt__w1h,1,A_base,L0,Card token / PAN hash x Normalized ship/payout addr,addrship_x_pan,composite,Distinct receivers (fan-out),velocity,distinct count,1 hour,time,unconditioned,raw value,streaming aggregate (sketch-backed),LOW,5,weeks-months,drop address reuse across cards,candidate,,,,,
addrship_x_pan__d_receiver__dcnt__w30d,1,A_base,L0,Card token / PAN hash x Normalized ship/payout addr,addrship_x_pan,composite,Distinct receivers (fan-out),velocity,distinct count,30 days,time,unconditioned,raw value,streaming aggregate (sketch-backed),LOW,30,weeks-months,drop address reuse across cards,candidate,,,,,
addrship_x_pan__d_sender__dcnt__w1h,1,A_base,L0,Card token / PAN hash x Normalized ship/payout addr,addrship_x_pan,composite,Distinct senders (fan-in),velocity,distinct count,1 hour,time,unconditioned,raw value,streaming aggregate (sketch-backed),LOW,5,weeks-months,drop address reuse across cards,candidate,,,,,
addrship_x_pan__d_sender__dcnt__w30d,1,A_base,L0,Card token / PAN hash x Normalized ship/payout addr,addrship_x_pan,composite,Distinct senders (fan-in),velocity,distinct count,30 days,time,unconditioned,raw value,streaming aggregate (sketch-backed),LOW,30,weeks-months,drop address reuse across cards,candidate,,,,,
addrship_x_pan__err_lost_stln__rate__w30d,1,A_base,L0,Card token / PAN hash x Normalized ship/payout addr,addrship_x_pan,composite,ERR rate,outcome,rate (num/denom),30 days,time,unconditioned,raw value,streaming aggregate (sketch-backed),LOW,50,weeks-months,drop address reuse across cards,candidate,,,,,
addrship_x_pan__err_rate__rate__w30d,1,A_base,L0,Card token / PAN hash x Normalized ship/payout addr,addrship_x_pan,composite,ERR rate (issuer decline),outcome,rate (num/denom),30 days,time,unconditioned,raw value,streaming aggregate (sketch-backed),MED - encodes current policy; re-baseline on threshold change,50,weeks-months,drop address reuse across cards,candidate,,,,,
addrship_x_pan__fail_then_ok__cnt__w1h,1,A_base,L0,Card token / PAN hash x Normalized ship/payout addr,addrship_x_pan,composite,Failed-auth-then-success cnt,behavior,count,1 hour,time,unconditioned,raw value,streaming aggregate (sketch-backed),LOW,5,weeks-months,drop address reuse across cards,candidate,,,,,
addrship_x_pan__fail_then_ok__sum__w1h,1,A_base,L0,Card token / PAN hash x Normalized ship/payout addr,addrship_x_pan,composite,Failed-auth-then-success cnt,behavior,sum,1 hour,time,unconditioned,raw value,streaming aggregate (sketch-backed),LOW,5,weeks-months,drop address reuse across cards,candidate,,,,,
addrship_x_pan__interarrival__cnt__w1h,1,A_base,L0,Card token / PAN hash x Normalized ship/payout addr,addrship_x_pan,composite,Inter-arrival seconds,behavior,count,1 hour,time,unconditioned,raw value,streaming aggregate (sketch-backed),LOW,5,weeks-months,drop address reuse across cards,candidate,,,,,
addrship_x_pan__interarrival__mean__w1h,1,A_base,L0,Card token / PAN hash x Normalized ship/payout addr,addrship_x_pan,composite,Inter-arrival seconds,behavior,mean,1 hour,time,unconditioned,raw value,streaming aggregate (sketch-backed),LOW,5,weeks-months,drop address reuse across cards,candidate,,,,,
addrship_x_pan__block_rate__rate__w30d,1,A_base,L0,Card token / PAN hash x Normalized ship/payout addr,addrship_x_pan,composite,Model block rate (policy),outcome,rate (num/denom),30 days,time,unconditioned,raw value,streaming aggregate (sketch-backed),MED - encodes current policy; re-baseline on threshold change,50,weeks-months,drop address reuse across cards,candidate,,,,,
addrship_x_pan__amt_repeat__rate__w1h,1,A_base,L0,Card token / PAN hash x Normalized ship/payout addr,addrship_x_pan,composite,Repeat-identical-amount rate,behavior,rate (num/denom),1 hour,time,unconditioned,raw value,streaming aggregate (sketch-backed),LOW,5,weeks-months,drop address reuse across cards,candidate,,,,,
addrship_x_pan__amt_escalate__cnt__w1h,1,A_base,L0,Card token / PAN hash x Normalized ship/payout addr,addrship_x_pan,composite,Small-then-large sequence cnt,behavior,count,1 hour,time,unconditioned,raw value,streaming aggregate (sketch-backed),LOW,5,weeks-months,drop address reuse across cards,candidate,,,,,
addrship_x_pan__amt_escalate__sum__w1h,1,A_base,L0,Card token / PAN hash x Normalized ship/payout addr,addrship_x_pan,composite,Small-then-large sequence cnt,behavior,sum,1 hour,time,unconditioned,raw value,streaming aggregate (sketch-backed),LOW,5,weeks-months,drop address reuse across cards,candidate,,,,,
addrship_x_pan__tc40_rate__rate__w30d,1,A_base,L0,Card token / PAN hash x Normalized ship/payout addr,addrship_x_pan,composite,TC40/SAFE alert rate,outcome,rate (num/denom),30 days,time,unconditioned,raw value,streaming aggregate (sketch-backed),HIGH - point-in-time on label_arrival_ts + out-of-fold encoding required,200,weeks-months,drop address reuse across cards,candidate,,,,,
addrship_x_pan__amt__cnt__w1h,1,A_base,L0,Card token / PAN hash x Normalized ship/payout addr,addrship_x_pan,composite,Transaction amount,velocity,count,1 hour,time,unconditioned,raw value,streaming aggregate (sketch-backed),LOW,5,weeks-months,drop address reuse across cards,candidate,,,,,
addrship_x_pan__amt__cnt__w30d,1,A_base,L0,Card token / PAN hash x Normalized ship/payout addr,addrship_x_pan,composite,Transaction amount,velocity,count,30 days,time,unconditioned,raw value,streaming aggregate (sketch-backed),LOW,30,weeks-months,drop address reuse across cards,candidate,,,,,
addrship_x_pan__amt__sum__w1h,1,A_base,L0,Card token / PAN hash x Normalized ship/payout addr,addrship_x_pan,composite,Transaction amount,velocity,sum,1 hour,time,unconditioned,raw value,streaming aggregate (sketch-backed),LOW,5,weeks-months,drop address reuse across cards,candidate,,,,,
addrship_x_pan__amt__sum__w30d,1,A_base,L0,Card token / PAN hash x Normalized ship/payout addr,addrship_x_pan,composite,Transaction amount,velocity,sum,30 days,time,unconditioned,raw value,streaming aggregate (sketch-backed),LOW,30,weeks-months,drop address reuse across cards,candidate,,,,,
addrship_x_pan__amt__mean__w1h,1,A_base,L0,Card token / PAN hash x Normalized ship/payout addr,addrship_x_pan,composite,Transaction amount,velocity,mean,1 hour,time,unconditioned,raw value,streaming aggregate (sketch-backed),LOW,5,weeks-months,drop address reuse across cards,candidate,,,,,
addrship_x_pan__amt__mean__w30d,1,A_base,L0,Card token / PAN hash x Normalized ship/payout addr,addrship_x_pan,composite,Transaction amount,velocity,mean,30 days,time,unconditioned,raw value,streaming aggregate (sketch-backed),LOW,30,weeks-months,drop address reuse across cards,candidate,,,,,
addrship_x_pan__txn_cnt__cnt__w1h,1,A_base,L0,Card token / PAN hash x Normalized ship/payout addr,addrship_x_pan,composite,Transaction count,velocity,count,1 hour,time,unconditioned,raw value,streaming aggregate (sketch-backed),LOW,5,weeks-months,drop address reuse across cards,candidate,,,,,
addrship_x_pan__txn_cnt__cnt__w30d,1,A_base,L0,Card token / PAN hash x Normalized ship/payout addr,addrship_x_pan,composite,Transaction count,velocity,count,30 days,time,unconditioned,raw value,streaming aggregate (sketch-backed),LOW,30,weeks-months,drop address reuse across cards,candidate,,,,,
addrship_x_pan__txn_cnt__sum__w1h,1,A_base,L0,Card token / PAN hash x Normalized ship/payout addr,addrship_x_pan,composite,Transaction count,velocity,sum,1 hour,time,unconditioned,raw value,streaming aggregate (sketch-backed),LOW,5,weeks-months,drop address reuse across cards,candidate,,,,,
addrship_x_pan__txn_cnt__sum__w30d,1,A_base,L0,Card token / PAN hash x Normalized ship/payout addr,addrship_x_pan,composite,Transaction count,velocity,sum,30 days,time,unconditioned,raw value,streaming aggregate (sketch-backed),LOW,30,weeks-months,drop address reuse across cards,candidate,,,,,
cust_x_device__cb_fraud_rate__rate__w30d,1,A_base,L0,Customer ID x Device fingerprint ID,cust_x_device,composite,CB rate,outcome,rate (num/denom),30 days,time,unconditioned,raw value,streaming aggregate (sketch-backed),HIGH - point-in-time on label_arrival_ts + out-of-fold encoding required,200,weeks-months,ATO — new device on established customer,candidate,,,,,
cust_x_device__cb_nonfr_rate__rate__w30d,1,A_base,L0,Customer ID x Device fingerprint ID,cust_x_device,composite,CB rate,outcome,rate (num/denom),30 days,time,unconditioned,raw value,streaming aggregate (sketch-backed),HIGH - point-in-time on label_arrival_ts + out-of-fold encoding required,200,weeks-months,ATO — new device on established customer,candidate,,,,,
cust_x_device__champ_score__cnt__w30d,1,A_base,L0,Customer ID x Device fingerprint ID,cust_x_device,composite,Champion model score,score,count,30 days,time,unconditioned,raw value,streaming aggregate (sketch-backed),MED - encodes current policy; re-baseline on threshold change,30,weeks-months,ATO — new device on established customer,candidate,,,,,
cust_x_device__champ_score__mean__w30d,1,A_base,L0,Customer ID x Device fingerprint ID,cust_x_device,composite,Champion model score,score,mean,30 days,time,unconditioned,raw value,streaming aggregate (sketch-backed),MED - encodes current policy; re-baseline on threshold change,30,weeks-months,ATO — new device on established customer,candidate,,,,,
cust_x_device__cb_amt__cnt__w30d,1,A_base,L0,Customer ID x Device fingerprint ID,cust_x_device,composite,Chargeback dollars,outcome,count,30 days,time,unconditioned,raw value,streaming aggregate (sketch-backed),HIGH - point-in-time on label_arrival_ts + out-of-fold encoding required,200,weeks-months,ATO — new device on established customer,candidate,,,,,
cust_x_device__cb_amt__sum__w30d,1,A_base,L0,Customer ID x Device fingerprint ID,cust_x_device,composite,Chargeback dollars,outcome,sum,30 days,time,unconditioned,raw value,streaming aggregate (sketch-backed),HIGH - point-in-time on label_arrival_ts + out-of-fold encoding required,200,weeks-months,ATO — new device on established customer,candidate,,,,,
cust_x_device__cb_amt__mean__w30d,1,A_base,L0,Customer ID x Device fingerprint ID,cust_x_device,composite,Chargeback dollars,outcome,mean,30 days,time,unconditioned,raw value,streaming aggregate (sketch-backed),HIGH - point-in-time on label_arrival_ts + out-of-fold encoding required,200,weeks-months,ATO — new device on established customer,candidate,,,,,
cust_x_device__cb_rate__rate__w30d,1,A_base,L0,Customer ID x Device fingerprint ID,cust_x_device,composite,Chargeback rate,outcome,rate (num/denom),30 days,time,unconditioned,raw value,streaming aggregate (sketch-backed),HIGH - point-in-time on label_arrival_ts + out-of-fold encoding required,200,weeks-months,ATO — new device on established customer,candidate,,,,,
cust_x_device__den_rate__rate__w30d,1,A_base,L0,Customer ID x Device fingerprint ID,cust_x_device,composite,DEN rate (downstream rules),outcome,rate (num/denom),30 days,time,unconditioned,raw value,streaming aggregate (sketch-backed),MED - encodes current policy; re-baseline on threshold change,50,weeks-months,ATO — new device on established customer,candidate,,,,,
cust_x_device__d_bin8__dcnt__w1h,1,A_base,L0,Customer ID x Device fingerprint ID,cust_x_device,composite,Distinct BINs tried,velocity,distinct count,1 hour,time,unconditioned,raw value,streaming aggregate (sketch-backed),LOW,5,weeks-months,ATO — new device on established customer,candidate,,,,,
cust_x_device__d_bin8__dcnt__w30d,1,A_base,L0,Customer ID x Device fingerprint ID,cust_x_device,composite,Distinct BINs tried,velocity,distinct count,30 days,time,unconditioned,raw value,streaming aggregate (sketch-backed),LOW,30,weeks-months,ATO — new device on established customer,candidate,,,,,
cust_x_device__d_pan__dcnt__w1h,1,A_base,L0,Customer ID x Device fingerprint ID,cust_x_device,composite,Distinct cards,velocity,distinct count,1 hour,time,unconditioned,raw value,streaming aggregate (sketch-backed),LOW,5,weeks-months,ATO — new device on established customer,candidate,,,,,
cust_x_device__d_pan__dcnt__w30d,1,A_base,L0,Customer ID x Device fingerprint ID,cust_x_device,composite,Distinct cards,velocity,distinct count,30 days,time,unconditioned,raw value,streaming aggregate (sketch-backed),LOW,30,weeks-months,ATO — new device on established customer,candidate,,,,,
cust_x_device__d_cust__dcnt__w1h,1,A_base,L0,Customer ID x Device fingerprint ID,cust_x_device,composite,Distinct customers,velocity,distinct count,1 hour,time,unconditioned,raw value,streaming aggregate (sketch-backed),LOW,5,weeks-months,ATO — new device on established customer,candidate,,,,,
cust_x_device__d_cust__dcnt__w30d,1,A_base,L0,Customer ID x Device fingerprint ID,cust_x_device,composite,Distinct customers,velocity,distinct count,30 days,time,unconditioned,raw value,streaming aggregate (sketch-backed),LOW,30,weeks-months,ATO — new device on established customer,candidate,,,,,
cust_x_device__d_device__dcnt__w1h,1,A_base,L0,Customer ID x Device fingerprint ID,cust_x_device,composite,Distinct devices,velocity,distinct count,1 hour,time,unconditioned,raw value,streaming aggregate (sketch-backed),LOW,5,weeks-months,ATO — new device on established customer,candidate,,,,,
cust_x_device__d_device__dcnt__w30d,1,A_base,L0,Customer ID x Device fingerprint ID,cust_x_device,composite,Distinct devices,velocity,distinct count,30 days,time,unconditioned,raw value,streaming aggregate (sketch-backed),LOW,30,weeks-months,ATO — new device on established customer,candidate,,,,,
cust_x_device__d_email__dcnt__w1h,1,A_base,L0,Customer ID x Device fingerprint ID,cust_x_device,composite,Distinct emails,velocity,distinct count,1 hour,time,unconditioned,raw value,streaming aggregate (sketch-backed),LOW,5,weeks-months,ATO — new device on established customer,candidate,,,,,
cust_x_device__d_email__dcnt__w30d,1,A_base,L0,Customer ID x Device fingerprint ID,cust_x_device,composite,Distinct emails,velocity,distinct count,30 days,time,unconditioned,raw value,streaming aggregate (sketch-backed),LOW,30,weeks-months,ATO — new device on established customer,candidate,,,,,
cust_x_device__d_receiver__dcnt__w1h,1,A_base,L0,Customer ID x Device fingerprint ID,cust_x_device,composite,Distinct receivers (fan-out),velocity,distinct count,1 hour,time,unconditioned,raw value,streaming aggregate (sketch-backed),LOW,5,weeks-months,ATO — new device on established customer,candidate,,,,,
cust_x_device__d_receiver__dcnt__w30d,1,A_base,L0,Customer ID x Device fingerprint ID,cust_x_device,composite,Distinct receivers (fan-out),velocity,distinct count,30 days,time,unconditioned,raw value,streaming aggregate (sketch-backed),LOW,30,weeks-months,ATO — new device on established customer,candidate,,,,,
cust_x_device__d_sender__dcnt__w1h,1,A_base,L0,Customer ID x Device fingerprint ID,cust_x_device,composite,Distinct senders (fan-in),velocity,distinct count,1 hour,time,unconditioned,raw value,streaming aggregate (sketch-backed),LOW,5,weeks-months,ATO — new device on established customer,candidate,,,,,
cust_x_device__d_sender__dcnt__w30d,1,A_base,L0,Customer ID x Device fingerprint ID,cust_x_device,composite,Distinct senders (fan-in),velocity,distinct count,30 days,time,unconditioned,raw value,streaming aggregate (sketch-backed),LOW,30,weeks-months,ATO — new device on established customer,candidate,,,,,
cust_x_device__err_lost_stln__rate__w30d,1,A_base,L0,Customer ID x Device fingerprint ID,cust_x_device,composite,ERR rate,outcome,rate (num/denom),30 days,time,unconditioned,raw value,streaming aggregate (sketch-backed),LOW,50,weeks-months,ATO — new device on established customer,candidate,,,,,
cust_x_device__err_rate__rate__w30d,1,A_base,L0,Customer ID x Device fingerprint ID,cust_x_device,composite,ERR rate (issuer decline),outcome,rate (num/denom),30 days,time,unconditioned,raw value,streaming aggregate (sketch-backed),MED - encodes current policy; re-baseline on threshold change,50,weeks-months,ATO — new device on established customer,candidate,,,,,
cust_x_device__fail_then_ok__cnt__w1h,1,A_base,L0,Customer ID x Device fingerprint ID,cust_x_device,composite,Failed-auth-then-success cnt,behavior,count,1 hour,time,unconditioned,raw value,streaming aggregate (sketch-backed),LOW,5,weeks-months,ATO — new device on established customer,candidate,,,,,
cust_x_device__fail_then_ok__sum__w1h,1,A_base,L0,Customer ID x Device fingerprint ID,cust_x_device,composite,Failed-auth-then-success cnt,behavior,sum,1 hour,time,unconditioned,raw value,streaming aggregate (sketch-backed),LOW,5,weeks-months,ATO — new device on established customer,candidate,,,,,
cust_x_device__interarrival__cnt__w1h,1,A_base,L0,Customer ID x Device fingerprint ID,cust_x_device,composite,Inter-arrival seconds,behavior,count,1 hour,time,unconditioned,raw value,streaming aggregate (sketch-backed),LOW,5,weeks-months,ATO — new device on established customer,candidate,,,,,
cust_x_device__interarrival__mean__w1h,1,A_base,L0,Customer ID x Device fingerprint ID,cust_x_device,composite,Inter-arrival seconds,behavior,mean,1 hour,time,unconditioned,raw value,streaming aggregate (sketch-backed),LOW,5,weeks-months,ATO — new device on established customer,candidate,,,,,
cust_x_device__block_rate__rate__w30d,1,A_base,L0,Customer ID x Device fingerprint ID,cust_x_device,composite,Model block rate (policy),outcome,rate (num/denom),30 days,time,unconditioned,raw value,streaming aggregate (sketch-backed),MED - encodes current policy; re-baseline on threshold change,50,weeks-months,ATO — new device on established customer,candidate,,,,,
cust_x_device__amt_repeat__rate__w1h,1,A_base,L0,Customer ID x Device fingerprint ID,cust_x_device,composite,Repeat-identical-amount rate,behavior,rate (num/denom),1 hour,time,unconditioned,raw value,streaming aggregate (sketch-backed),LOW,5,weeks-months,ATO — new device on established customer,candidate,,,,,
cust_x_device__amt_escalate__cnt__w1h,1,A_base,L0,Customer ID x Device fingerprint ID,cust_x_device,composite,Small-then-large sequence cnt,behavior,count,1 hour,time,unconditioned,raw value,streaming aggregate (sketch-backed),LOW,5,weeks-months,ATO — new device on established customer,candidate,,,,,
cust_x_device__amt_escalate__sum__w1h,1,A_base,L0,Customer ID x Device fingerprint ID,cust_x_device,composite,Small-then-large sequence cnt,behavior,sum,1 hour,time,unconditioned,raw value,streaming aggregate (sketch-backed),LOW,5,weeks-months,ATO — new device on established customer,candidate,,,,,
cust_x_device__tc40_rate__rate__w30d,1,A_base,L0,Customer ID x Device fingerprint ID,cust_x_device,composite,TC40/SAFE alert rate,outcome,rate (num/denom),30 days,time,unconditioned,raw value,streaming aggregate (sketch-backed),HIGH - point-in-time on label_arrival_ts + out-of-fold encoding required,200,weeks-months,ATO — new device on established customer,candidate,,,,,
cust_x_device__amt__cnt__w1h,1,A_base,L0,Customer ID x Device fingerprint ID,cust_x_device,composite,Transaction amount,velocity,count,1 hour,time,unconditioned,raw value,streaming aggregate (sketch-backed),LOW,5,weeks-months,ATO — new device on established customer,candidate,,,,,
cust_x_device__amt__cnt__w30d,1,A_base,L0,Customer ID x Device fingerprint ID,cust_x_device,composite,Transaction amount,velocity,count,30 days,time,unconditioned,raw value,streaming aggregate (sketch-backed),LOW,30,weeks-months,ATO — new device on established customer,candidate,,,,,
cust_x_device__amt__sum__w1h,1,A_base,L0,Customer ID x Device fingerprint ID,cust_x_device,composite,Transaction amount,velocity,sum,1 hour,time,unconditioned,raw value,streaming aggregate (sketch-backed),LOW,5,weeks-months,ATO — new device on established customer,candidate,,,,,
cust_x_device__amt__sum__w30d,1,A_base,L0,Customer ID x Device fingerprint ID,cust_x_device,composite,Transaction amount,velocity,sum,30 days,time,unconditioned,raw value,streaming aggregate (sketch-backed),LOW,30,weeks-months,ATO — new device on established customer,candidate,,,,,
cust_x_device__amt__mean__w1h,1,A_base,L0,Customer ID x Device fingerprint ID,cust_x_device,composite,Transaction amount,velocity,mean,1 hour,time,unconditioned,raw value,streaming aggregate (sketch-backed),LOW,5,weeks-months,ATO — new device on established customer,candidate,,,,,
cust_x_device__amt__mean__w30d,1,A_base,L0,Customer ID x Device fingerprint ID,cust_x_device,composite,Transaction amount,velocity,mean,30 days,time,unconditioned,raw value,streaming aggregate (sketch-backed),LOW,30,weeks-months,ATO — new device on established customer,candidate,,,,,
cust_x_device__txn_cnt__cnt__w1h,1,A_base,L0,Customer ID x Device fingerprint ID,cust_x_device,composite,Transaction count,velocity,count,1 hour,time,unconditioned,raw value,streaming aggregate (sketch-backed),LOW,5,weeks-months,ATO — new device on established customer,candidate,,,,,
cust_x_device__txn_cnt__cnt__w30d,1,A_base,L0,Customer ID x Device fingerprint ID,cust_x_device,composite,Transaction count,velocity,count,30 days,time,unconditioned,raw value,streaming aggregate (sketch-backed),LOW,30,weeks-months,ATO — new device on established customer,candidate,,,,,
cust_x_device__txn_cnt__sum__w1h,1,A_base,L0,Customer ID x Device fingerprint ID,cust_x_device,composite,Transaction count,velocity,sum,1 hour,time,unconditioned,raw value,streaming aggregate (sketch-backed),LOW,5,weeks-months,ATO — new device on established customer,candidate,,,,,
cust_x_device__txn_cnt__sum__w30d,1,A_base,L0,Customer ID x Device fingerprint ID,cust_x_device,composite,Transaction count,velocity,sum,30 days,time,unconditioned,raw value,streaming aggregate (sketch-backed),LOW,30,weeks-months,ATO — new device on established customer,candidate,,,,,
device_x_corridor__cb_fraud_rate__rate__w30d,1,A_base,L0,Device fingerprint ID x Corridor (send x recv country),device_x_corridor,composite,CB rate,outcome,rate (num/denom),30 days,time,unconditioned,raw value,streaming aggregate (sketch-backed),HIGH - point-in-time on label_arrival_ts + out-of-fold encoding required,200,weeks-months,mule device servicing one corridor,candidate,,,,,
device_x_corridor__cb_nonfr_rate__rate__w30d,1,A_base,L0,Device fingerprint ID x Corridor (send x recv country),device_x_corridor,composite,CB rate,outcome,rate (num/denom),30 days,time,unconditioned,raw value,streaming aggregate (sketch-backed),HIGH - point-in-time on label_arrival_ts + out-of-fold encoding required,200,weeks-months,mule device servicing one corridor,candidate,,,,,
device_x_corridor__champ_score__cnt__w30d,1,A_base,L0,Device fingerprint ID x Corridor (send x recv country),device_x_corridor,composite,Champion model score,score,count,30 days,time,unconditioned,raw value,streaming aggregate (sketch-backed),MED - encodes current policy; re-baseline on threshold change,30,weeks-months,mule device servicing one corridor,candidate,,,,,
device_x_corridor__champ_score__mean__w30d,1,A_base,L0,Device fingerprint ID x Corridor (send x recv country),device_x_corridor,composite,Champion model score,score,mean,30 days,time,unconditioned,raw value,streaming aggregate (sketch-backed),MED - encodes current policy; re-baseline on threshold change,30,weeks-months,mule device servicing one corridor,candidate,,,,,
device_x_corridor__cb_amt__cnt__w30d,1,A_base,L0,Device fingerprint ID x Corridor (send x recv country),device_x_corridor,composite,Chargeback dollars,outcome,count,30 days,time,unconditioned,raw value,streaming aggregate (sketch-backed),HIGH - point-in-time on label_arrival_ts + out-of-fold encoding required,200,weeks-months,mule device servicing one corridor,candidate,,,,,
device_x_corridor__cb_amt__sum__w30d,1,A_base,L0,Device fingerprint ID x Corridor (send x recv country),device_x_corridor,composite,Chargeback dollars,outcome,sum,30 days,time,unconditioned,raw value,streaming aggregate (sketch-backed),HIGH - point-in-time on label_arrival_ts + out-of-fold encoding required,200,weeks-months,mule device servicing one corridor,candidate,,,,,
device_x_corridor__cb_amt__mean__w30d,1,A_base,L0,Device fingerprint ID x Corridor (send x recv country),device_x_corridor,composite,Chargeback dollars,outcome,mean,30 days,time,unconditioned,raw value,streaming aggregate (sketch-backed),HIGH - point-in-time on label_arrival_ts + out-of-fold encoding required,200,weeks-months,mule device servicing one corridor,candidate,,,,,
device_x_corridor__cb_rate__rate__w30d,1,A_base,L0,Device fingerprint ID x Corridor (send x recv country),device_x_corridor,composite,Chargeback rate,outcome,rate (num/denom),30 days,time,unconditioned,raw value,streaming aggregate (sketch-backed),HIGH - point-in-time on label_arrival_ts + out-of-fold encoding required,200,weeks-months,mule device servicing one corridor,candidate,,,,,
device_x_corridor__den_rate__rate__w30d,1,A_base,L0,Device fingerprint ID x Corridor (send x recv country),device_x_corridor,composite,DEN rate (downstream rules),outcome,rate (num/denom),30 days,time,unconditioned,raw value,streaming aggregate (sketch-backed),MED - encodes current policy; re-baseline on threshold change,50,weeks-months,mule device servicing one corridor,candidate,,,,,
device_x_corridor__d_bin8__dcnt__w1h,1,A_base,L0,Device fingerprint ID x Corridor (send x recv country),device_x_corridor,composite,Distinct BINs tried,velocity,distinct count,1 hour,time,unconditioned,raw value,streaming aggregate (sketch-backed),LOW,5,weeks-months,mule device servicing one corridor,candidate,,,,,
device_x_corridor__d_bin8__dcnt__w30d,1,A_base,L0,Device fingerprint ID x Corridor (send x recv country),device_x_corridor,composite,Distinct BINs tried,velocity,distinct count,30 days,time,unconditioned,raw value,streaming aggregate (sketch-backed),LOW,30,weeks-months,mule device servicing one corridor,candidate,,,,,
device_x_corridor__d_pan__dcnt__w1h,1,A_base,L0,Device fingerprint ID x Corridor (send x recv country),device_x_corridor,composite,Distinct cards,velocity,distinct count,1 hour,time,unconditioned,raw value,streaming aggregate (sketch-backed),LOW,5,weeks-months,mule device servicing one corridor,candidate,,,,,
device_x_corridor__d_pan__dcnt__w30d,1,A_base,L0,Device fingerprint ID x Corridor (send x recv country),device_x_corridor,composite,Distinct cards,velocity,distinct count,30 days,time,unconditioned,raw value,streaming aggregate (sketch-backed),LOW,30,weeks-months,mule device servicing one corridor,candidate,,,,,
device_x_corridor__d_cust__dcnt__w1h,1,A_base,L0,Device fingerprint ID x Corridor (send x recv country),device_x_corridor,composite,Distinct customers,velocity,distinct count,1 hour,time,unconditioned,raw value,streaming aggregate (sketch-backed),LOW,5,weeks-months,mule device servicing one corridor,candidate,,,,,
device_x_corridor__d_cust__dcnt__w30d,1,A_base,L0,Device fingerprint ID x Corridor (send x recv country),device_x_corridor,composite,Distinct customers,velocity,distinct count,30 days,time,unconditioned,raw value,streaming aggregate (sketch-backed),LOW,30,weeks-months,mule device servicing one corridor,candidate,,,,,
device_x_corridor__d_device__dcnt__w1h,1,A_base,L0,Device fingerprint ID x Corridor (send x recv country),device_x_corridor,composite,Distinct devices,velocity,distinct count,1 hour,time,unconditioned,raw value,streaming aggregate (sketch-backed),LOW,5,weeks-months,mule device servicing one corridor,candidate,,,,,
device_x_corridor__d_device__dcnt__w30d,1,A_base,L0,Device fingerprint ID x Corridor (send x recv country),device_x_corridor,composite,Distinct devices,velocity,distinct count,30 days,time,unconditioned,raw value,streaming aggregate (sketch-backed),LOW,30,weeks-months,mule device servicing one corridor,candidate,,,,,
device_x_corridor__d_email__dcnt__w1h,1,A_base,L0,Device fingerprint ID x Corridor (send x recv country),device_x_corridor,composite,Distinct emails,velocity,distinct count,1 hour,time,unconditioned,raw value,streaming aggregate (sketch-backed),LOW,5,weeks-months,mule device servicing one corridor,candidate,,,,,
device_x_corridor__d_email__dcnt__w30d,1,A_base,L0,Device fingerprint ID x Corridor (send x recv country),device_x_corridor,composite,Distinct emails,velocity,distinct count,30 days,time,unconditioned,raw value,streaming aggregate (sketch-backed),LOW,30,weeks-months,mule device servicing one corridor,candidate,,,,,
device_x_corridor__d_receiver__dcnt__w1h,1,A_base,L0,Device fingerprint ID x Corridor (send x recv country),device_x_corridor,composite,Distinct receivers (fan-out),velocity,distinct count,1 hour,time,unconditioned,raw value,streaming aggregate (sketch-backed),LOW,5,weeks-months,mule device servicing one corridor,candidate,,,,,
device_x_corridor__d_receiver__dcnt__w30d,1,A_base,L0,Device fingerprint ID x Corridor (send x recv country),device_x_corridor,composite,Distinct receivers (fan-out),velocity,distinct count,30 days,time,unconditioned,raw value,streaming aggregate (sketch-backed),LOW,30,weeks-months,mule device servicing one corridor,candidate,,,,,
device_x_corridor__d_sender__dcnt__w1h,1,A_base,L0,Device fingerprint ID x Corridor (send x recv country),device_x_corridor,composite,Distinct senders (fan-in),velocity,distinct count,1 hour,time,unconditioned,raw value,streaming aggregate (sketch-backed),LOW,5,weeks-months,mule device servicing one corridor,candidate,,,,,
device_x_corridor__d_sender__dcnt__w30d,1,A_base,L0,Device fingerprint ID x Corridor (send x recv country),device_x_corridor,composite,Distinct senders (fan-in),velocity,distinct count,30 days,time,unconditioned,raw value,streaming aggregate (sketch-backed),LOW,30,weeks-months,mule device servicing one corridor,candidate,,,,,
device_x_corridor__err_lost_stln__rate__w30d,1,A_base,L0,Device fingerprint ID x Corridor (send x recv country),device_x_corridor,composite,ERR rate,outcome,rate (num/denom),30 days,time,unconditioned,raw value,streaming aggregate (sketch-backed),LOW,50,weeks-months,mule device servicing one corridor,candidate,,,,,
device_x_corridor__err_rate__rate__w30d,1,A_base,L0,Device fingerprint ID x Corridor (send x recv country),device_x_corridor,composite,ERR rate (issuer decline),outcome,rate (num/denom),30 days,time,unconditioned,raw value,streaming aggregate (sketch-backed),MED - encodes current policy; re-baseline on threshold change,50,weeks-months,mule device servicing one corridor,candidate,,,,,
device_x_corridor__fail_then_ok__cnt__w1h,1,A_base,L0,Device fingerprint ID x Corridor (send x recv country),device_x_corridor,composite,Failed-auth-then-success cnt,behavior,count,1 hour,time,unconditioned,raw value,streaming aggregate (sketch-backed),LOW,5,weeks-months,mule device servicing one corridor,candidate,,,,,
device_x_corridor__fail_then_ok__sum__w1h,1,A_base,L0,Device fingerprint ID x Corridor (send x recv country),device_x_corridor,composite,Failed-auth-then-success cnt,behavior,sum,1 hour,time,unconditioned,raw value,streaming aggregate (sketch-backed),LOW,5,weeks-months,mule device servicing one corridor,candidate,,,,,
device_x_corridor__interarrival__cnt__w1h,1,A_base,L0,Device fingerprint ID x Corridor (send x recv country),device_x_corridor,composite,Inter-arrival seconds,behavior,count,1 hour,time,unconditioned,raw value,streaming aggregate (sketch-backed),LOW,5,weeks-months,mule device servicing one corridor,candidate,,,,,
device_x_corridor__interarrival__mean__w1h,1,A_base,L0,Device fingerprint ID x Corridor (send x recv country),device_x_corridor,composite,Inter-arrival seconds,behavior,mean,1 hour,time,unconditioned,raw value,streaming aggregate (sketch-backed),LOW,5,weeks-months,mule device servicing one corridor,candidate,,,,,
device_x_corridor__block_rate__rate__w30d,1,A_base,L0,Device fingerprint ID x Corridor (send x recv country),device_x_corridor,composite,Model block rate (policy),outcome,rate (num/denom),30 days,time,unconditioned,raw value,streaming aggregate (sketch-backed),MED - encodes current policy; re-baseline on threshold change,50,weeks-months,mule device servicing one corridor,candidate,,,,,
device_x_corridor__amt_repeat__rate__w1h,1,A_base,L0,Device fingerprint ID x Corridor (send x recv country),device_x_corridor,composite,Repeat-identical-amount rate,behavior,rate (num/denom),1 hour,time,unconditioned,raw value,streaming aggregate (sketch-backed),LOW,5,weeks-months,mule device servicing one corridor,candidate,,,,,
device_x_corridor__amt_escalate__cnt__w1h,1,A_base,L0,Device fingerprint ID x Corridor (send x recv country),device_x_corridor,composite,Small-then-large sequence cnt,behavior,count,1 hour,time,unconditioned,raw value,streaming aggregate (sketch-backed),LOW,5,weeks-months,mule device servicing one corridor,candidate,,,,,
device_x_corridor__amt_escalate__sum__w1h,1,A_base,L0,Device fingerprint ID x Corridor (send x recv country),device_x_corridor,composite,Small-then-large sequence cnt,behavior,sum,1 hour,time,unconditioned,raw value,streaming aggregate (sketch-backed),LOW,5,weeks-months,mule device servicing one corridor,candidate,,,,,
device_x_corridor__tc40_rate__rate__w30d,1,A_base,L0,Device fingerprint ID x Corridor (send x recv country),device_x_corridor,composite,TC40/SAFE alert rate,outcome,rate (num/denom),30 days,time,unconditioned,raw value,streaming aggregate (sketch-backed),HIGH - point-in-time on label_arrival_ts + out-of-fold encoding required,200,weeks-months,mule device servicing one corridor,candidate,,,,,
device_x_corridor__amt__cnt__w1h,1,A_base,L0,Device fingerprint ID x Corridor (send x recv country),device_x_corridor,composite,Transaction amount,velocity,count,1 hour,time,unconditioned,raw value,streaming aggregate (sketch-backed),LOW,5,weeks-months,mule device servicing one corridor,candidate,,,,,
device_x_corridor__amt__cnt__w30d,1,A_base,L0,Device fingerprint ID x Corridor (send x recv country),device_x_corridor,composite,Transaction amount,velocity,count,30 days,time,unconditioned,raw value,streaming aggregate (sketch-backed),LOW,30,weeks-months,mule device servicing one corridor,candidate,,,,,
device_x_corridor__amt__sum__w1h,1,A_base,L0,Device fingerprint ID x Corridor (send x recv country),device_x_corridor,composite,Transaction amount,velocity,sum,1 hour,time,unconditioned,raw value,streaming aggregate (sketch-backed),LOW,5,weeks-months,mule device servicing one corridor,candidate,,,,,
device_x_corridor__amt__sum__w30d,1,A_base,L0,Device fingerprint ID x Corridor (send x recv country),device_x_corridor,composite,Transaction amount,velocity,sum,30 days,time,unconditioned,raw value,streaming aggregate (sketch-backed),LOW,30,weeks-months,mule device servicing one corridor,candidate,,,,,
device_x_corridor__amt__mean__w1h,1,A_base,L0,Device fingerprint ID x Corridor (send x recv country),device_x_corridor,composite,Transaction amount,velocity,mean,1 hour,time,unconditioned,raw value,streaming aggregate (sketch-backed),LOW,5,weeks-months,mule device servicing one corridor,candidate,,,,,
device_x_corridor__amt__mean__w30d,1,A_base,L0,Device fingerprint ID x Corridor (send x recv country),device_x_corridor,composite,Transaction amount,velocity,mean,30 days,time,unconditioned,raw value,streaming aggregate (sketch-backed),LOW,30,weeks-months,mule device servicing one corridor,candidate,,,,,
device_x_corridor__txn_cnt__cnt__w1h,1,A_base,L0,Device fingerprint ID x Corridor (send x recv country),device_x_corridor,composite,Transaction count,velocity,count,1 hour,time,unconditioned,raw value,streaming aggregate (sketch-backed),LOW,5,weeks-months,mule device servicing one corridor,candidate,,,,,
device_x_corridor__txn_cnt__cnt__w30d,1,A_base,L0,Device fingerprint ID x Corridor (send x recv country),device_x_corridor,composite,Transaction count,velocity,count,30 days,time,unconditioned,raw value,streaming aggregate (sketch-backed),LOW,30,weeks-months,mule device servicing one corridor,candidate,,,,,
device_x_corridor__txn_cnt__sum__w1h,1,A_base,L0,Device fingerprint ID x Corridor (send x recv country),device_x_corridor,composite,Transaction count,velocity,sum,1 hour,time,unconditioned,raw value,streaming aggregate (sketch-backed),LOW,5,weeks-months,mule device servicing one corridor,candidate,,,,,
device_x_corridor__txn_cnt__sum__w30d,1,A_base,L0,Device fingerprint ID x Corridor (send x recv country),device_x_corridor,composite,Transaction count,velocity,sum,30 days,time,unconditioned,raw value,streaming aggregate (sketch-backed),LOW,30,weeks-months,mule device servicing one corridor,candidate,,,,,
emaildom_x_recvctry__cb_fraud_rate__rate__w30d,1,A_base,L0,Email domain x Receiver country,emaildom_x_recvctry,composite,CB rate,outcome,rate (num/denom),30 days,time,unconditioned,raw value,streaming aggregate (sketch-backed),HIGH - point-in-time on label_arrival_ts + out-of-fold encoding required,200,days-weeks,disposable-domain cohort targeting a corridor,candidate,,,,,
emaildom_x_recvctry__cb_nonfr_rate__rate__w30d,1,A_base,L0,Email domain x Receiver country,emaildom_x_recvctry,composite,CB rate,outcome,rate (num/denom),30 days,time,unconditioned,raw value,streaming aggregate (sketch-backed),HIGH - point-in-time on label_arrival_ts + out-of-fold encoding required,200,days-weeks,disposable-domain cohort targeting a corridor,candidate,,,,,
emaildom_x_recvctry__champ_score__cnt__w30d,1,A_base,L0,Email domain x Receiver country,emaildom_x_recvctry,composite,Champion model score,score,count,30 days,time,unconditioned,raw value,streaming aggregate (sketch-backed),MED - encodes current policy; re-baseline on threshold change,30,days-weeks,disposable-domain cohort targeting a corridor,candidate,,,,,
emaildom_x_recvctry__champ_score__mean__w30d,1,A_base,L0,Email domain x Receiver country,emaildom_x_recvctry,composite,Champion model score,score,mean,30 days,time,unconditioned,raw value,streaming aggregate (sketch-backed),MED - encodes current policy; re-baseline on threshold change,30,days-weeks,disposable-domain cohort targeting a corridor,candidate,,,,,
emaildom_x_recvctry__cb_amt__cnt__w30d,1,A_base,L0,Email domain x Receiver country,emaildom_x_recvctry,composite,Chargeback dollars,outcome,count,30 days,time,unconditioned,raw value,streaming aggregate (sketch-backed),HIGH - point-in-time on label_arrival_ts + out-of-fold encoding required,200,days-weeks,disposable-domain cohort targeting a corridor,candidate,,,,,
emaildom_x_recvctry__cb_amt__sum__w30d,1,A_base,L0,Email domain x Receiver country,emaildom_x_recvctry,composite,Chargeback dollars,outcome,sum,30 days,time,unconditioned,raw value,streaming aggregate (sketch-backed),HIGH - point-in-time on label_arrival_ts + out-of-fold encoding required,200,days-weeks,disposable-domain cohort targeting a corridor,candidate,,,,,
emaildom_x_recvctry__cb_amt__mean__w30d,1,A_base,L0,Email domain x Receiver country,emaildom_x_recvctry,composite,Chargeback dollars,outcome,mean,30 days,time,unconditioned,raw value,streaming aggregate (sketch-backed),HIGH - point-in-time on label_arrival_ts + out-of-fold encoding required,200,days-weeks,disposable-domain cohort targeting a corridor,candidate,,,,,
emaildom_x_recvctry__cb_rate__rate__w30d,1,A_base,L0,Email domain x Receiver country,emaildom_x_recvctry,composite,Chargeback rate,outcome,rate (num/denom),30 days,time,unconditioned,raw value,streaming aggregate (sketch-backed),HIGH - point-in-time on label_arrival_ts + out-of-fold encoding required,200,days-weeks,disposable-domain cohort targeting a corridor,candidate,,,,,
emaildom_x_recvctry__den_rate__rate__w30d,1,A_base,L0,Email domain x Receiver country,emaildom_x_recvctry,composite,DEN rate (downstream rules),outcome,rate (num/denom),30 days,time,unconditioned,raw value,streaming aggregate (sketch-backed),MED - encodes current policy; re-baseline on threshold change,50,days-weeks,disposable-domain cohort targeting a corridor,candidate,,,,,
emaildom_x_recvctry__d_bin8__dcnt__w1h,1,A_base,L0,Email domain x Receiver country,emaildom_x_recvctry,composite,Distinct BINs tried,velocity,distinct count,1 hour,time,unconditioned,raw value,streaming aggregate (sketch-backed),LOW,5,days-weeks,disposable-domain cohort targeting a corridor,candidate,,,,,
emaildom_x_recvctry__d_bin8__dcnt__w30d,1,A_base,L0,Email domain x Receiver country,emaildom_x_recvctry,composite,Distinct BINs tried,velocity,distinct count,30 days,time,unconditioned,raw value,streaming aggregate (sketch-backed),LOW,30,days-weeks,disposable-domain cohort targeting a corridor,candidate,,,,,
emaildom_x_recvctry__d_pan__dcnt__w1h,1,A_base,L0,Email domain x Receiver country,emaildom_x_recvctry,composite,Distinct cards,velocity,distinct count,1 hour,time,unconditioned,raw value,streaming aggregate (sketch-backed),LOW,5,days-weeks,disposable-domain cohort targeting a corridor,candidate,,,,,
emaildom_x_recvctry__d_pan__dcnt__w30d,1,A_base,L0,Email domain x Receiver country,emaildom_x_recvctry,composite,Distinct cards,velocity,distinct count,30 days,time,unconditioned,raw value,streaming aggregate (sketch-backed),LOW,30,days-weeks,disposable-domain cohort targeting a corridor,candidate,,,,,
emaildom_x_recvctry__d_cust__dcnt__w1h,1,A_base,L0,Email domain x Receiver country,emaildom_x_recvctry,composite,Distinct customers,velocity,distinct count,1 hour,time,unconditioned,raw value,streaming aggregate (sketch-backed),LOW,5,days-weeks,disposable-domain cohort targeting a corridor,candidate,,,,,
emaildom_x_recvctry__d_cust__dcnt__w30d,1,A_base,L0,Email domain x Receiver country,emaildom_x_recvctry,composite,Distinct customers,velocity,distinct count,30 days,time,unconditioned,raw value,streaming aggregate (sketch-backed),LOW,30,days-weeks,disposable-domain cohort targeting a corridor,candidate,,,,,
emaildom_x_recvctry__d_device__dcnt__w1h,1,A_base,L0,Email domain x Receiver country,emaildom_x_recvctry,composite,Distinct devices,velocity,distinct count,1 hour,time,unconditioned,raw value,streaming aggregate (sketch-backed),LOW,5,days-weeks,disposable-domain cohort targeting a corridor,candidate,,,,,
emaildom_x_recvctry__d_device__dcnt__w30d,1,A_base,L0,Email domain x Receiver country,emaildom_x_recvctry,composite,Distinct devices,velocity,distinct count,30 days,time,unconditioned,raw value,streaming aggregate (sketch-backed),LOW,30,days-weeks,disposable-domain cohort targeting a corridor,candidate,,,,,
emaildom_x_recvctry__d_email__dcnt__w1h,1,A_base,L0,Email domain x Receiver country,emaildom_x_recvctry,composite,Distinct emails,velocity,distinct count,1 hour,time,unconditioned,raw value,streaming aggregate (sketch-backed),LOW,5,days-weeks,disposable-domain cohort targeting a corridor,candidate,,,,,
emaildom_x_recvctry__d_email__dcnt__w30d,1,A_base,L0,Email domain x Receiver country,emaildom_x_recvctry,composite,Distinct emails,velocity,distinct count,30 days,time,unconditioned,raw value,streaming aggregate (sketch-backed),LOW,30,days-weeks,disposable-domain cohort targeting a corridor,candidate,,,,,
emaildom_x_recvctry__d_receiver__dcnt__w1h,1,A_base,L0,Email domain x Receiver country,emaildom_x_recvctry,composite,Distinct receivers (fan-out),velocity,distinct count,1 hour,time,unconditioned,raw value,streaming aggregate (sketch-backed),LOW,5,days-weeks,disposable-domain cohort targeting a corridor,candidate,,,,,
emaildom_x_recvctry__d_receiver__dcnt__w30d,1,A_base,L0,Email domain x Receiver country,emaildom_x_recvctry,composite,Distinct receivers (fan-out),velocity,distinct count,30 days,time,unconditioned,raw value,streaming aggregate (sketch-backed),LOW,30,days-weeks,disposable-domain cohort targeting a corridor,candidate,,,,,
emaildom_x_recvctry__d_sender__dcnt__w1h,1,A_base,L0,Email domain x Receiver country,emaildom_x_recvctry,composite,Distinct senders (fan-in),velocity,distinct count,1 hour,time,unconditioned,raw value,streaming aggregate (sketch-backed),LOW,5,days-weeks,disposable-domain cohort targeting a corridor,candidate,,,,,
emaildom_x_recvctry__d_sender__dcnt__w30d,1,A_base,L0,Email domain x Receiver country,emaildom_x_recvctry,composite,Distinct senders (fan-in),velocity,distinct count,30 days,time,unconditioned,raw value,streaming aggregate (sketch-backed),LOW,30,days-weeks,disposable-domain cohort targeting a corridor,candidate,,,,,
emaildom_x_recvctry__err_lost_stln__rate__w30d,1,A_base,L0,Email domain x Receiver country,emaildom_x_recvctry,composite,ERR rate,outcome,rate (num/denom),30 days,time,unconditioned,raw value,streaming aggregate (sketch-backed),LOW,50,days-weeks,disposable-domain cohort targeting a corridor,candidate,,,,,
emaildom_x_recvctry__err_rate__rate__w30d,1,A_base,L0,Email domain x Receiver country,emaildom_x_recvctry,composite,ERR rate (issuer decline),outcome,rate (num/denom),30 days,time,unconditioned,raw value,streaming aggregate (sketch-backed),MED - encodes current policy; re-baseline on threshold change,50,days-weeks,disposable-domain cohort targeting a corridor,candidate,,,,,
emaildom_x_recvctry__fail_then_ok__cnt__w1h,1,A_base,L0,Email domain x Receiver country,emaildom_x_recvctry,composite,Failed-auth-then-success cnt,behavior,count,1 hour,time,unconditioned,raw value,streaming aggregate (sketch-backed),LOW,5,days-weeks,disposable-domain cohort targeting a corridor,candidate,,,,,
emaildom_x_recvctry__fail_then_ok__sum__w1h,1,A_base,L0,Email domain x Receiver country,emaildom_x_recvctry,composite,Failed-auth-then-success cnt,behavior,sum,1 hour,time,unconditioned,raw value,streaming aggregate (sketch-backed),LOW,5,days-weeks,disposable-domain cohort targeting a corridor,candidate,,,,,
emaildom_x_recvctry__interarrival__cnt__w1h,1,A_base,L0,Email domain x Receiver country,emaildom_x_recvctry,composite,Inter-arrival seconds,behavior,count,1 hour,time,unconditioned,raw value,streaming aggregate (sketch-backed),LOW,5,days-weeks,disposable-domain cohort targeting a corridor,candidate,,,,,
emaildom_x_recvctry__interarrival__mean__w1h,1,A_base,L0,Email domain x Receiver country,emaildom_x_recvctry,composite,Inter-arrival seconds,behavior,mean,1 hour,time,unconditioned,raw value,streaming aggregate (sketch-backed),LOW,5,days-weeks,disposable-domain cohort targeting a corridor,candidate,,,,,
emaildom_x_recvctry__block_rate__rate__w30d,1,A_base,L0,Email domain x Receiver country,emaildom_x_recvctry,composite,Model block rate (policy),outcome,rate (num/denom),30 days,time,unconditioned,raw value,streaming aggregate (sketch-backed),MED - encodes current policy; re-baseline on threshold change,50,days-weeks,disposable-domain cohort targeting a corridor,candidate,,,,,
emaildom_x_recvctry__amt_repeat__rate__w1h,1,A_base,L0,Email domain x Receiver country,emaildom_x_recvctry,composite,Repeat-identical-amount rate,behavior,rate (num/denom),1 hour,time,unconditioned,raw value,streaming aggregate (sketch-backed),LOW,5,days-weeks,disposable-domain cohort targeting a corridor,candidate,,,,,
emaildom_x_recvctry__amt_escalate__cnt__w1h,1,A_base,L0,Email domain x Receiver country,emaildom_x_recvctry,composite,Small-then-large sequence cnt,behavior,count,1 hour,time,unconditioned,raw value,streaming aggregate (sketch-backed),LOW,5,days-weeks,disposable-domain cohort targeting a corridor,candidate,,,,,
emaildom_x_recvctry__amt_escalate__sum__w1h,1,A_base,L0,Email domain x Receiver country,emaildom_x_recvctry,composite,Small-then-large sequence cnt,behavior,sum,1 hour,time,unconditioned,raw value,streaming aggregate (sketch-backed),LOW,5,days-weeks,disposable-domain cohort targeting a corridor,candidate,,,,,
emaildom_x_recvctry__tc40_rate__rate__w30d,1,A_base,L0,Email domain x Receiver country,emaildom_x_recvctry,composite,TC40/SAFE alert rate,outcome,rate (num/denom),30 days,time,unconditioned,raw value,streaming aggregate (sketch-backed),HIGH - point-in-time on label_arrival_ts + out-of-fold encoding required,200,days-weeks,disposable-domain cohort targeting a corridor,candidate,,,,,
emaildom_x_recvctry__amt__cnt__w1h,1,A_base,L0,Email domain x Receiver country,emaildom_x_recvctry,composite,Transaction amount,velocity,count,1 hour,time,unconditioned,raw value,streaming aggregate (sketch-backed),LOW,5,days-weeks,disposable-domain cohort targeting a corridor,candidate,,,,,
emaildom_x_recvctry__amt__cnt__w30d,1,A_base,L0,Email domain x Receiver country,emaildom_x_recvctry,composite,Transaction amount,velocity,count,30 days,time,unconditioned,raw value,streaming aggregate (sketch-backed),LOW,30,days-weeks,disposable-domain cohort targeting a corridor,candidate,,,,,
emaildom_x_recvctry__amt__sum__w1h,1,A_base,L0,Email domain x Receiver country,emaildom_x_recvctry,composite,Transaction amount,velocity,sum,1 hour,time,unconditioned,raw value,streaming aggregate (sketch-backed),LOW,5,days-weeks,disposable-domain cohort targeting a corridor,candidate,,,,,
emaildom_x_recvctry__amt__sum__w30d,1,A_base,L0,Email domain x Receiver country,emaildom_x_recvctry,composite,Transaction amount,velocity,sum,30 days,time,unconditioned,raw value,streaming aggregate (sketch-backed),LOW,30,days-weeks,disposable-domain cohort targeting a corridor,candidate,,,,,
emaildom_x_recvctry__amt__mean__w1h,1,A_base,L0,Email domain x Receiver country,emaildom_x_recvctry,composite,Transaction amount,velocity,mean,1 hour,time,unconditioned,raw value,streaming aggregate (sketch-backed),LOW,5,days-weeks,disposable-domain cohort targeting a corridor,candidate,,,,,
emaildom_x_recvctry__amt__mean__w30d,1,A_base,L0,Email domain x Receiver country,emaildom_x_recvctry,composite,Transaction amount,velocity,mean,30 days,time,unconditioned,raw value,streaming aggregate (sketch-backed),LOW,30,days-weeks,disposable-domain cohort targeting a corridor,candidate,,,,,
emaildom_x_recvctry__txn_cnt__cnt__w1h,1,A_base,L0,Email domain x Receiver country,emaildom_x_recvctry,composite,Transaction count,velocity,count,1 hour,time,unconditioned,raw value,streaming aggregate (sketch-backed),LOW,5,days-weeks,disposable-domain cohort targeting a corridor,candidate,,,,,
emaildom_x_recvctry__txn_cnt__cnt__w30d,1,A_base,L0,Email domain x Receiver country,emaildom_x_recvctry,composite,Transaction count,velocity,count,30 days,time,unconditioned,raw value,streaming aggregate (sketch-backed),LOW,30,days-weeks,disposable-domain cohort targeting a corridor,candidate,,,,,
emaildom_x_recvctry__txn_cnt__sum__w1h,1,A_base,L0,Email domain x Receiver country,emaildom_x_recvctry,composite,Transaction count,velocity,sum,1 hour,time,unconditioned,raw value,streaming aggregate (sketch-backed),LOW,5,days-weeks,disposable-domain cohort targeting a corridor,candidate,,,,,
emaildom_x_recvctry__txn_cnt__sum__w30d,1,A_base,L0,Email domain x Receiver country,emaildom_x_recvctry,composite,Transaction count,velocity,sum,30 days,time,unconditioned,raw value,streaming aggregate (sketch-backed),LOW,30,days-weeks,disposable-domain cohort targeting a corridor,candidate,,,,,
ip24_x_merchant__cb_fraud_rate__rate__w30d,1,A_base,L0,IP /24 x Merchant ID,ip24_x_merchant,composite,CB rate,outcome,rate (num/denom),30 days,time,unconditioned,raw value,streaming aggregate (sketch-backed),HIGH - point-in-time on label_arrival_ts + out-of-fold encoding required,200,days-weeks,distributed attack on a single merchant,candidate,,,,,
ip24_x_merchant__cb_nonfr_rate__rate__w30d,1,A_base,L0,IP /24 x Merchant ID,ip24_x_merchant,composite,CB rate,outcome,rate (num/denom),30 days,time,unconditioned,raw value,streaming aggregate (sketch-backed),HIGH - point-in-time on label_arrival_ts + out-of-fold encoding required,200,days-weeks,distributed attack on a single merchant,candidate,,,,,
ip24_x_merchant__champ_score__cnt__w30d,1,A_base,L0,IP /24 x Merchant ID,ip24_x_merchant,composite,Champion model score,score,count,30 days,time,unconditioned,raw value,streaming aggregate (sketch-backed),MED - encodes current policy; re-baseline on threshold change,30,days-weeks,distributed attack on a single merchant,candidate,,,,,
ip24_x_merchant__champ_score__mean__w30d,1,A_base,L0,IP /24 x Merchant ID,ip24_x_merchant,composite,Champion model score,score,mean,30 days,time,unconditioned,raw value,streaming aggregate (sketch-backed),MED - encodes current policy; re-baseline on threshold change,30,days-weeks,distributed attack on a single merchant,candidate,,,,,
ip24_x_merchant__cb_amt__cnt__w30d,1,A_base,L0,IP /24 x Merchant ID,ip24_x_merchant,composite,Chargeback dollars,outcome,count,30 days,time,unconditioned,raw value,streaming aggregate (sketch-backed),HIGH - point-in-time on label_arrival_ts + out-of-fold encoding required,200,days-weeks,distributed attack on a single merchant,candidate,,,,,
ip24_x_merchant__cb_amt__sum__w30d,1,A_base,L0,IP /24 x Merchant ID,ip24_x_merchant,composite,Chargeback dollars,outcome,sum,30 days,time,unconditioned,raw value,streaming aggregate (sketch-backed),HIGH - point-in-time on label_arrival_ts + out-of-fold encoding required,200,days-weeks,distributed attack on a single merchant,candidate,,,,,
ip24_x_merchant__cb_amt__mean__w30d,1,A_base,L0,IP /24 x Merchant ID,ip24_x_merchant,composite,Chargeback dollars,outcome,mean,30 days,time,unconditioned,raw value,streaming aggregate (sketch-backed),HIGH - point-in-time on label_arrival_ts + out-of-fold encoding required,200,days-weeks,distributed attack on a single merchant,candidate,,,,,
ip24_x_merchant__cb_rate__rate__w30d,1,A_base,L0,IP /24 x Merchant ID,ip24_x_merchant,composite,Chargeback rate,outcome,rate (num/denom),30 days,time,unconditioned,raw value,streaming aggregate (sketch-backed),HIGH - point-in-time on label_arrival_ts + out-of-fold encoding required,200,days-weeks,distributed attack on a single merchant,candidate,,,,,
ip24_x_merchant__den_rate__rate__w30d,1,A_base,L0,IP /24 x Merchant ID,ip24_x_merchant,composite,DEN rate (downstream rules),outcome,rate (num/denom),30 days,time,unconditioned,raw value,streaming aggregate (sketch-backed),MED - encodes current policy; re-baseline on threshold change,50,days-weeks,distributed attack on a single merchant,candidate,,,,,
ip24_x_merchant__d_bin8__dcnt__w1h,1,A_base,L0,IP /24 x Merchant ID,ip24_x_merchant,composite,Distinct BINs tried,velocity,distinct count,1 hour,time,unconditioned,raw value,streaming aggregate (sketch-backed),LOW,5,days-weeks,distributed attack on a single merchant,candidate,,,,,
ip24_x_merchant__d_bin8__dcnt__w30d,1,A_base,L0,IP /24 x Merchant ID,ip24_x_merchant,composite,Distinct BINs tried,velocity,distinct count,30 days,time,unconditioned,raw value,streaming aggregate (sketch-backed),LOW,30,days-weeks,distributed attack on a single merchant,candidate,,,,,
ip24_x_merchant__d_pan__dcnt__w1h,1,A_base,L0,IP /24 x Merchant ID,ip24_x_merchant,composite,Distinct cards,velocity,distinct count,1 hour,time,unconditioned,raw value,streaming aggregate (sketch-backed),LOW,5,days-weeks,distributed attack on a single merchant,candidate,,,,,
ip24_x_merchant__d_pan__dcnt__w30d,1,A_base,L0,IP /24 x Merchant ID,ip24_x_merchant,composite,Distinct cards,velocity,distinct count,30 days,time,unconditioned,raw value,streaming aggregate (sketch-backed),LOW,30,days-weeks,distributed attack on a single merchant,candidate,,,,,
ip24_x_merchant__d_cust__dcnt__w1h,1,A_base,L0,IP /24 x Merchant ID,ip24_x_merchant,composite,Distinct customers,velocity,distinct count,1 hour,time,unconditioned,raw value,streaming aggregate (sketch-backed),LOW,5,days-weeks,distributed attack on a single merchant,candidate,,,,,
ip24_x_merchant__d_cust__dcnt__w30d,1,A_base,L0,IP /24 x Merchant ID,ip24_x_merchant,composite,Distinct customers,velocity,distinct count,30 days,time,unconditioned,raw value,streaming aggregate (sketch-backed),LOW,30,days-weeks,distributed attack on a single merchant,candidate,,,,,
ip24_x_merchant__d_device__dcnt__w1h,1,A_base,L0,IP /24 x Merchant ID,ip24_x_merchant,composite,Distinct devices,velocity,distinct count,1 hour,time,unconditioned,raw value,streaming aggregate (sketch-backed),LOW,5,days-weeks,distributed attack on a single merchant,candidate,,,,,
ip24_x_merchant__d_device__dcnt__w30d,1,A_base,L0,IP /24 x Merchant ID,ip24_x_merchant,composite,Distinct devices,velocity,distinct count,30 days,time,unconditioned,raw value,streaming aggregate (sketch-backed),LOW,30,days-weeks,distributed attack on a single merchant,candidate,,,,,
ip24_x_merchant__d_email__dcnt__w1h,1,A_base,L0,IP /24 x Merchant ID,ip24_x_merchant,composite,Distinct emails,velocity,distinct count,1 hour,time,unconditioned,raw value,streaming aggregate (sketch-backed),LOW,5,days-weeks,distributed attack on a single merchant,candidate,,,,,
ip24_x_merchant__d_email__dcnt__w30d,1,A_base,L0,IP /24 x Merchant ID,ip24_x_merchant,composite,Distinct emails,velocity,distinct count,30 days,time,unconditioned,raw value,streaming aggregate (sketch-backed),LOW,30,days-weeks,distributed attack on a single merchant,candidate,,,,,
ip24_x_merchant__d_receiver__dcnt__w1h,1,A_base,L0,IP /24 x Merchant ID,ip24_x_merchant,composite,Distinct receivers (fan-out),velocity,distinct count,1 hour,time,unconditioned,raw value,streaming aggregate (sketch-backed),LOW,5,days-weeks,distributed attack on a single merchant,candidate,,,,,
ip24_x_merchant__d_receiver__dcnt__w30d,1,A_base,L0,IP /24 x Merchant ID,ip24_x_merchant,composite,Distinct receivers (fan-out),velocity,distinct count,30 days,time,unconditioned,raw value,streaming aggregate (sketch-backed),LOW,30,days-weeks,distributed attack on a single merchant,candidate,,,,,
ip24_x_merchant__d_sender__dcnt__w1h,1,A_base,L0,IP /24 x Merchant ID,ip24_x_merchant,composite,Distinct senders (fan-in),velocity,distinct count,1 hour,time,unconditioned,raw value,streaming aggregate (sketch-backed),LOW,5,days-weeks,distributed attack on a single merchant,candidate,,,,,
ip24_x_merchant__d_sender__dcnt__w30d,1,A_base,L0,IP /24 x Merchant ID,ip24_x_merchant,composite,Distinct senders (fan-in),velocity,distinct count,30 days,time,unconditioned,raw value,streaming aggregate (sketch-backed),LOW,30,days-weeks,distributed attack on a single merchant,candidate,,,,,
ip24_x_merchant__err_lost_stln__rate__w30d,1,A_base,L0,IP /24 x Merchant ID,ip24_x_merchant,composite,ERR rate,outcome,rate (num/denom),30 days,time,unconditioned,raw value,streaming aggregate (sketch-backed),LOW,50,days-weeks,distributed attack on a single merchant,candidate,,,,,
ip24_x_merchant__err_rate__rate__w30d,1,A_base,L0,IP /24 x Merchant ID,ip24_x_merchant,composite,ERR rate (issuer decline),outcome,rate (num/denom),30 days,time,unconditioned,raw value,streaming aggregate (sketch-backed),MED - encodes current policy; re-baseline on threshold change,50,days-weeks,distributed attack on a single merchant,candidate,,,,,
ip24_x_merchant__fail_then_ok__cnt__w1h,1,A_base,L0,IP /24 x Merchant ID,ip24_x_merchant,composite,Failed-auth-then-success cnt,behavior,count,1 hour,time,unconditioned,raw value,streaming aggregate (sketch-backed),LOW,5,days-weeks,distributed attack on a single merchant,candidate,,,,,
ip24_x_merchant__fail_then_ok__sum__w1h,1,A_base,L0,IP /24 x Merchant ID,ip24_x_merchant,composite,Failed-auth-then-success cnt,behavior,sum,1 hour,time,unconditioned,raw value,streaming aggregate (sketch-backed),LOW,5,days-weeks,distributed attack on a single merchant,candidate,,,,,
ip24_x_merchant__interarrival__cnt__w1h,1,A_base,L0,IP /24 x Merchant ID,ip24_x_merchant,composite,Inter-arrival seconds,behavior,count,1 hour,time,unconditioned,raw value,streaming aggregate (sketch-backed),LOW,5,days-weeks,distributed attack on a single merchant,candidate,,,,,
ip24_x_merchant__interarrival__mean__w1h,1,A_base,L0,IP /24 x Merchant ID,ip24_x_merchant,composite,Inter-arrival seconds,behavior,mean,1 hour,time,unconditioned,raw value,streaming aggregate (sketch-backed),LOW,5,days-weeks,distributed attack on a single merchant,candidate,,,,,
ip24_x_merchant__block_rate__rate__w30d,1,A_base,L0,IP /24 x Merchant ID,ip24_x_merchant,composite,Model block rate (policy),outcome,rate (num/denom),30 days,time,unconditioned,raw value,streaming aggregate (sketch-backed),MED - encodes current policy; re-baseline on threshold change,50,days-weeks,distributed attack on a single merchant,candidate,,,,,
ip24_x_merchant__amt_repeat__rate__w1h,1,A_base,L0,IP /24 x Merchant ID,ip24_x_merchant,composite,Repeat-identical-amount rate,behavior,rate (num/denom),1 hour,time,unconditioned,raw value,streaming aggregate (sketch-backed),LOW,5,days-weeks,distributed attack on a single merchant,candidate,,,,,
ip24_x_merchant__amt_escalate__cnt__w1h,1,A_base,L0,IP /24 x Merchant ID,ip24_x_merchant,composite,Small-then-large sequence cnt,behavior,count,1 hour,time,unconditioned,raw value,streaming aggregate (sketch-backed),LOW,5,days-weeks,distributed attack on a single merchant,candidate,,,,,
ip24_x_merchant__amt_escalate__sum__w1h,1,A_base,L0,IP /24 x Merchant ID,ip24_x_merchant,composite,Small-then-large sequence cnt,behavior,sum,1 hour,time,unconditioned,raw value,streaming aggregate (sketch-backed),LOW,5,days-weeks,distributed attack on a single merchant,candidate,,,,,
ip24_x_merchant__tc40_rate__rate__w30d,1,A_base,L0,IP /24 x Merchant ID,ip24_x_merchant,composite,TC40/SAFE alert rate,outcome,rate (num/denom),30 days,time,unconditioned,raw value,streaming aggregate (sketch-backed),HIGH - point-in-time on label_arrival_ts + out-of-fold encoding required,200,days-weeks,distributed attack on a single merchant,candidate,,,,,
ip24_x_merchant__amt__cnt__w1h,1,A_base,L0,IP /24 x Merchant ID,ip24_x_merchant,composite,Transaction amount,velocity,count,1 hour,time,unconditioned,raw value,streaming aggregate (sketch-backed),LOW,5,days-weeks,distributed attack on a single merchant,candidate,,,,,
ip24_x_merchant__amt__cnt__w30d,1,A_base,L0,IP /24 x Merchant ID,ip24_x_merchant,composite,Transaction amount,velocity,count,30 days,time,unconditioned,raw value,streaming aggregate (sketch-backed),LOW,30,days-weeks,distributed attack on a single merchant,candidate,,,,,
ip24_x_merchant__amt__sum__w1h,1,A_base,L0,IP /24 x Merchant ID,ip24_x_merchant,composite,Transaction amount,velocity,sum,1 hour,time,unconditioned,raw value,streaming aggregate (sketch-backed),LOW,5,days-weeks,distributed attack on a single merchant,candidate,,,,,
ip24_x_merchant__amt__sum__w30d,1,A_base,L0,IP /24 x Merchant ID,ip24_x_merchant,composite,Transaction amount,velocity,sum,30 days,time,unconditioned,raw value,streaming aggregate (sketch-backed),LOW,30,days-weeks,distributed attack on a single merchant,candidate,,,,,
ip24_x_merchant__amt__mean__w1h,1,A_base,L0,IP /24 x Merchant ID,ip24_x_merchant,composite,Transaction amount,velocity,mean,1 hour,time,unconditioned,raw value,streaming aggregate (sketch-backed),LOW,5,days-weeks,distributed attack on a single merchant,candidate,,,,,
ip24_x_merchant__amt__mean__w30d,1,A_base,L0,IP /24 x Merchant ID,ip24_x_merchant,composite,Transaction amount,velocity,mean,30 days,time,unconditioned,raw value,streaming aggregate (sketch-backed),LOW,30,days-weeks,distributed attack on a single merchant,candidate,,,,,
ip24_x_merchant__txn_cnt__cnt__w1h,1,A_base,L0,IP /24 x Merchant ID,ip24_x_merchant,composite,Transaction count,velocity,count,1 hour,time,unconditioned,raw value,streaming aggregate (sketch-backed),LOW,5,days-weeks,distributed attack on a single merchant,candidate,,,,,
ip24_x_merchant__txn_cnt__cnt__w30d,1,A_base,L0,IP /24 x Merchant ID,ip24_x_merchant,composite,Transaction count,velocity,count,30 days,time,unconditioned,raw value,streaming aggregate (sketch-backed),LOW,30,days-weeks,distributed attack on a single merchant,candidate,,,,,
ip24_x_merchant__txn_cnt__sum__w1h,1,A_base,L0,IP /24 x Merchant ID,ip24_x_merchant,composite,Transaction count,velocity,sum,1 hour,time,unconditioned,raw value,streaming aggregate (sketch-backed),LOW,5,days-weeks,distributed attack on a single merchant,candidate,,,,,
ip24_x_merchant__txn_cnt__sum__w30d,1,A_base,L0,IP /24 x Merchant ID,ip24_x_merchant,composite,Transaction count,velocity,sum,30 days,time,unconditioned,raw value,streaming aggregate (sketch-backed),LOW,30,days-weeks,distributed attack on a single merchant,candidate,,,,,
corridor__cb_fraud_rate__rate__w30d,1,A_base,L0,Corridor (send x recv country),corridor,counterparty,CB rate,outcome,rate (num/denom),30 days,time,unconditioned,raw value,streaming aggregate (sketch-backed),HIGH - point-in-time on label_arrival_ts + out-of-fold encoding required,200,months-quarters,,candidate,,,,,
corridor__cb_nonfr_rate__rate__w30d,1,A_base,L0,Corridor (send x recv country),corridor,counterparty,CB rate,outcome,rate (num/denom),30 days,time,unconditioned,raw value,streaming aggregate (sketch-backed),HIGH - point-in-time on label_arrival_ts + out-of-fold encoding required,200,months-quarters,,candidate,,,,,
corridor__champ_score__cnt__w30d,1,A_base,L0,Corridor (send x recv country),corridor,counterparty,Champion model score,score,count,30 days,time,unconditioned,raw value,realtime,MED - encodes current policy; re-baseline on threshold change,30,months-quarters,,candidate,,,,,
corridor__champ_score__mean__w30d,1,A_base,L0,Corridor (send x recv country),corridor,counterparty,Champion model score,score,mean,30 days,time,unconditioned,raw value,realtime,MED - encodes current policy; re-baseline on threshold change,30,months-quarters,,candidate,,,,,
corridor__cb_amt__cnt__w30d,1,A_base,L0,Corridor (send x recv country),corridor,counterparty,Chargeback dollars,outcome,count,30 days,time,unconditioned,raw value,streaming aggregate (sketch-backed),HIGH - point-in-time on label_arrival_ts + out-of-fold encoding required,200,months-quarters,,candidate,,,,,
corridor__cb_amt__sum__w30d,1,A_base,L0,Corridor (send x recv country),corridor,counterparty,Chargeback dollars,outcome,sum,30 days,time,unconditioned,raw value,streaming aggregate (sketch-backed),HIGH - point-in-time on label_arrival_ts + out-of-fold encoding required,200,months-quarters,,candidate,,,,,
corridor__cb_amt__mean__w30d,1,A_base,L0,Corridor (send x recv country),corridor,counterparty,Chargeback dollars,outcome,mean,30 days,time,unconditioned,raw value,streaming aggregate (sketch-backed),HIGH - point-in-time on label_arrival_ts + out-of-fold encoding required,200,months-quarters,,candidate,,,,,
corridor__cb_rate__rate__w30d,1,A_base,L0,Corridor (send x recv country),corridor,counterparty,Chargeback rate,outcome,rate (num/denom),30 days,time,unconditioned,raw value,streaming aggregate (sketch-backed),HIGH - point-in-time on label_arrival_ts + out-of-fold encoding required,200,months-quarters,,candidate,,,,,
corridor__den_rate__rate__w30d,1,A_base,L0,Corridor (send x recv country),corridor,counterparty,DEN rate (downstream rules),outcome,rate (num/denom),30 days,time,unconditioned,raw value,streaming aggregate (sketch-backed),MED - encodes current policy; re-baseline on threshold change,50,months-quarters,,candidate,,,,,
corridor__d_bin8__dcnt__w1h,1,A_base,L0,Corridor (send x recv country),corridor,counterparty,Distinct BINs tried,velocity,distinct count,1 hour,time,unconditioned,raw value,realtime,LOW,5,months-quarters,,candidate,,,,,
corridor__d_bin8__dcnt__w30d,1,A_base,L0,Corridor (send x recv country),corridor,counterparty,Distinct BINs tried,velocity,distinct count,30 days,time,unconditioned,raw value,realtime,LOW,30,months-quarters,,candidate,,,,,
corridor__d_pan__dcnt__w1h,1,A_base,L0,Corridor (send x recv country),corridor,counterparty,Distinct cards,velocity,distinct count,1 hour,time,unconditioned,raw value,realtime,LOW,5,months-quarters,,candidate,,,,,
corridor__d_pan__dcnt__w30d,1,A_base,L0,Corridor (send x recv country),corridor,counterparty,Distinct cards,velocity,distinct count,30 days,time,unconditioned,raw value,realtime,LOW,30,months-quarters,,candidate,,,,,
corridor__d_cust__dcnt__w1h,1,A_base,L0,Corridor (send x recv country),corridor,counterparty,Distinct customers,velocity,distinct count,1 hour,time,unconditioned,raw value,realtime,LOW,5,months-quarters,,candidate,,,,,
corridor__d_cust__dcnt__w30d,1,A_base,L0,Corridor (send x recv country),corridor,counterparty,Distinct customers,velocity,distinct count,30 days,time,unconditioned,raw value,realtime,LOW,30,months-quarters,,candidate,,,,,
corridor__d_device__dcnt__w1h,1,A_base,L0,Corridor (send x recv country),corridor,counterparty,Distinct devices,velocity,distinct count,1 hour,time,unconditioned,raw value,realtime,LOW,5,months-quarters,,candidate,,,,,
corridor__d_device__dcnt__w30d,1,A_base,L0,Corridor (send x recv country),corridor,counterparty,Distinct devices,velocity,distinct count,30 days,time,unconditioned,raw value,realtime,LOW,30,months-quarters,,candidate,,,,,
corridor__d_email__dcnt__w1h,1,A_base,L0,Corridor (send x recv country),corridor,counterparty,Distinct emails,velocity,distinct count,1 hour,time,unconditioned,raw value,realtime,LOW,5,months-quarters,,candidate,,,,,
corridor__d_email__dcnt__w30d,1,A_base,L0,Corridor (send x recv country),corridor,counterparty,Distinct emails,velocity,distinct count,30 days,time,unconditioned,raw value,realtime,LOW,30,months-quarters,,candidate,,,,,
corridor__d_receiver__dcnt__w1h,1,A_base,L0,Corridor (send x recv country),corridor,counterparty,Distinct receivers (fan-out),velocity,distinct count,1 hour,time,unconditioned,raw value,realtime,LOW,5,months-quarters,,candidate,,,,,
corridor__d_receiver__dcnt__w30d,1,A_base,L0,Corridor (send x recv country),corridor,counterparty,Distinct receivers (fan-out),velocity,distinct count,30 days,time,unconditioned,raw value,realtime,LOW,30,months-quarters,,candidate,,,,,
corridor__d_sender__dcnt__w1h,1,A_base,L0,Corridor (send x recv country),corridor,counterparty,Distinct senders (fan-in),velocity,distinct count,1 hour,time,unconditioned,raw value,realtime,LOW,5,months-quarters,,candidate,,,,,
corridor__d_sender__dcnt__w30d,1,A_base,L0,Corridor (send x recv country),corridor,counterparty,Distinct senders (fan-in),velocity,distinct count,30 days,time,unconditioned,raw value,realtime,LOW,30,months-quarters,,candidate,,,,,
corridor__err_lost_stln__rate__w30d,1,A_base,L0,Corridor (send x recv country),corridor,counterparty,ERR rate,outcome,rate (num/denom),30 days,time,unconditioned,raw value,streaming aggregate (sketch-backed),LOW,50,months-quarters,,candidate,,,,,
corridor__err_rate__rate__w30d,1,A_base,L0,Corridor (send x recv country),corridor,counterparty,ERR rate (issuer decline),outcome,rate (num/denom),30 days,time,unconditioned,raw value,streaming aggregate (sketch-backed),MED - encodes current policy; re-baseline on threshold change,50,months-quarters,,candidate,,,,,
corridor__fail_then_ok__cnt__w1h,1,A_base,L0,Corridor (send x recv country),corridor,counterparty,Failed-auth-then-success cnt,behavior,count,1 hour,time,unconditioned,raw value,realtime,LOW,5,months-quarters,,candidate,,,,,
corridor__fail_then_ok__sum__w1h,1,A_base,L0,Corridor (send x recv country),corridor,counterparty,Failed-auth-then-success cnt,behavior,sum,1 hour,time,unconditioned,raw value,realtime,LOW,5,months-quarters,,candidate,,,,,
corridor__interarrival__cnt__w1h,1,A_base,L0,Corridor (send x recv country),corridor,counterparty,Inter-arrival seconds,behavior,count,1 hour,time,unconditioned,raw value,realtime,LOW,5,months-quarters,,candidate,,,,,
corridor__interarrival__mean__w1h,1,A_base,L0,Corridor (send x recv country),corridor,counterparty,Inter-arrival seconds,behavior,mean,1 hour,time,unconditioned,raw value,realtime,LOW,5,months-quarters,,candidate,,,,,
corridor__block_rate__rate__w30d,1,A_base,L0,Corridor (send x recv country),corridor,counterparty,Model block rate (policy),outcome,rate (num/denom),30 days,time,unconditioned,raw value,streaming aggregate (sketch-backed),MED - encodes current policy; re-baseline on threshold change,50,months-quarters,,candidate,,,,,
corridor__amt_repeat__rate__w1h,1,A_base,L0,Corridor (send x recv country),corridor,counterparty,Repeat-identical-amount rate,behavior,rate (num/denom),1 hour,time,unconditioned,raw value,realtime,LOW,5,months-quarters,,candidate,,,,,
corridor__amt_escalate__cnt__w1h,1,A_base,L0,Corridor (send x recv country),corridor,counterparty,Small-then-large sequence cnt,behavior,count,1 hour,time,unconditioned,raw value,realtime,LOW,5,months-quarters,,candidate,,,,,
corridor__amt_escalate__sum__w1h,1,A_base,L0,Corridor (send x recv country),corridor,counterparty,Small-then-large sequence cnt,behavior,sum,1 hour,time,unconditioned,raw value,realtime,LOW,5,months-quarters,,candidate,,,,,
corridor__tc40_rate__rate__w30d,1,A_base,L0,Corridor (send x recv country),corridor,counterparty,TC40/SAFE alert rate,outcome,rate (num/denom),30 days,time,unconditioned,raw value,streaming aggregate (sketch-backed),HIGH - point-in-time on label_arrival_ts + out-of-fold encoding required,200,months-quarters,,candidate,,,,,
corridor__amt__cnt__w1h,1,A_base,L0,Corridor (send x recv country),corridor,counterparty,Transaction amount,velocity,count,1 hour,time,unconditioned,raw value,realtime,LOW,5,months-quarters,,candidate,,,,,
corridor__amt__cnt__w30d,1,A_base,L0,Corridor (send x recv country),corridor,counterparty,Transaction amount,velocity,count,30 days,time,unconditioned,raw value,realtime,LOW,30,months-quarters,,candidate,,,,,
corridor__amt__sum__w1h,1,A_base,L0,Corridor (send x recv country),corridor,counterparty,Transaction amount,velocity,sum,1 hour,time,unconditioned,raw value,realtime,LOW,5,months-quarters,,candidate,,,,,
corridor__amt__sum__w30d,1,A_base,L0,Corridor (send x recv country),corridor,counterparty,Transaction amount,velocity,sum,30 days,time,unconditioned,raw value,realtime,LOW,30,months-quarters,,candidate,,,,,
corridor__amt__mean__w1h,1,A_base,L0,Corridor (send x recv country),corridor,counterparty,Transaction amount,velocity,mean,1 hour,time,unconditioned,raw value,realtime,LOW,5,months-quarters,,candidate,,,,,
corridor__amt__mean__w30d,1,A_base,L0,Corridor (send x recv country),corridor,counterparty,Transaction amount,velocity,mean,30 days,time,unconditioned,raw value,realtime,LOW,30,months-quarters,,candidate,,,,,
corridor__txn_cnt__cnt__w1h,1,A_base,L0,Corridor (send x recv country),corridor,counterparty,Transaction count,velocity,count,1 hour,time,unconditioned,raw value,realtime,LOW,5,months-quarters,,candidate,,,,,
corridor__txn_cnt__cnt__w30d,1,A_base,L0,Corridor (send x recv country),corridor,counterparty,Transaction count,velocity,count,30 days,time,unconditioned,raw value,realtime,LOW,30,months-quarters,,candidate,,,,,
corridor__txn_cnt__sum__w1h,1,A_base,L0,Corridor (send x recv country),corridor,counterparty,Transaction count,velocity,sum,1 hour,time,unconditioned,raw value,realtime,LOW,5,months-quarters,,candidate,,,,,
corridor__txn_cnt__sum__w30d,1,A_base,L0,Corridor (send x recv country),corridor,counterparty,Transaction count,velocity,sum,30 days,time,unconditioned,raw value,realtime,LOW,30,months-quarters,,candidate,,,,,
receiver__cb_fraud_rate__rate__w30d,1,A_base,L0,Receiver / payee ID,receiver,counterparty,CB rate,outcome,rate (num/denom),30 days,time,unconditioned,raw value,streaming aggregate (sketch-backed),HIGH - point-in-time on label_arrival_ts + out-of-fold encoding required,200,months-quarters,,candidate,,,,,
receiver__cb_nonfr_rate__rate__w30d,1,A_base,L0,Receiver / payee ID,receiver,counterparty,CB rate,outcome,rate (num/denom),30 days,time,unconditioned,raw value,streaming aggregate (sketch-backed),HIGH - point-in-time on label_arrival_ts + out-of-fold encoding required,200,months-quarters,,candidate,,,,,
receiver__champ_score__cnt__w30d,1,A_base,L0,Receiver / payee ID,receiver,counterparty,Champion model score,score,count,30 days,time,unconditioned,raw value,realtime,MED - encodes current policy; re-baseline on threshold change,30,months-quarters,,candidate,,,,,
receiver__champ_score__mean__w30d,1,A_base,L0,Receiver / payee ID,receiver,counterparty,Champion model score,score,mean,30 days,time,unconditioned,raw value,realtime,MED - encodes current policy; re-baseline on threshold change,30,months-quarters,,candidate,,,,,
receiver__cb_amt__cnt__w30d,1,A_base,L0,Receiver / payee ID,receiver,counterparty,Chargeback dollars,outcome,count,30 days,time,unconditioned,raw value,streaming aggregate (sketch-backed),HIGH - point-in-time on label_arrival_ts + out-of-fold encoding required,200,months-quarters,,candidate,,,,,
receiver__cb_amt__sum__w30d,1,A_base,L0,Receiver / payee ID,receiver,counterparty,Chargeback dollars,outcome,sum,30 days,time,unconditioned,raw value,streaming aggregate (sketch-backed),HIGH - point-in-time on label_arrival_ts + out-of-fold encoding required,200,months-quarters,,candidate,,,,,
receiver__cb_amt__mean__w30d,1,A_base,L0,Receiver / payee ID,receiver,counterparty,Chargeback dollars,outcome,mean,30 days,time,unconditioned,raw value,streaming aggregate (sketch-backed),HIGH - point-in-time on label_arrival_ts + out-of-fold encoding required,200,months-quarters,,candidate,,,,,
receiver__cb_rate__rate__w30d,1,A_base,L0,Receiver / payee ID,receiver,counterparty,Chargeback rate,outcome,rate (num/denom),30 days,time,unconditioned,raw value,streaming aggregate (sketch-backed),HIGH - point-in-time on label_arrival_ts + out-of-fold encoding required,200,months-quarters,,candidate,,,,,
receiver__den_rate__rate__w30d,1,A_base,L0,Receiver / payee ID,receiver,counterparty,DEN rate (downstream rules),outcome,rate (num/denom),30 days,time,unconditioned,raw value,streaming aggregate (sketch-backed),MED - encodes current policy; re-baseline on threshold change,50,months-quarters,,candidate,,,,,
receiver__d_bin8__dcnt__w1h,1,A_base,L0,Receiver / payee ID,receiver,counterparty,Distinct BINs tried,velocity,distinct count,1 hour,time,unconditioned,raw value,realtime,LOW,5,months-quarters,,candidate,,,,,
receiver__d_bin8__dcnt__w30d,1,A_base,L0,Receiver / payee ID,receiver,counterparty,Distinct BINs tried,velocity,distinct count,30 days,time,unconditioned,raw value,realtime,LOW,30,months-quarters,,candidate,,,,,
receiver__d_pan__dcnt__w1h,1,A_base,L0,Receiver / payee ID,receiver,counterparty,Distinct cards,velocity,distinct count,1 hour,time,unconditioned,raw value,realtime,LOW,5,months-quarters,,candidate,,,,,
receiver__d_pan__dcnt__w30d,1,A_base,L0,Receiver / payee ID,receiver,counterparty,Distinct cards,velocity,distinct count,30 days,time,unconditioned,raw value,realtime,LOW,30,months-quarters,,candidate,,,,,
receiver__d_cust__dcnt__w1h,1,A_base,L0,Receiver / payee ID,receiver,counterparty,Distinct customers,velocity,distinct count,1 hour,time,unconditioned,raw value,realtime,LOW,5,months-quarters,,candidate,,,,,
receiver__d_cust__dcnt__w30d,1,A_base,L0,Receiver / payee ID,receiver,counterparty,Distinct customers,velocity,distinct count,30 days,time,unconditioned,raw value,realtime,LOW,30,months-quarters,,candidate,,,,,
receiver__d_device__dcnt__w1h,1,A_base,L0,Receiver / payee ID,receiver,counterparty,Distinct devices,velocity,distinct count,1 hour,time,unconditioned,raw value,realtime,LOW,5,months-quarters,,candidate,,,,,
receiver__d_device__dcnt__w30d,1,A_base,L0,Receiver / payee ID,receiver,counterparty,Distinct devices,velocity,distinct count,30 days,time,unconditioned,raw value,realtime,LOW,30,months-quarters,,candidate,,,,,
receiver__d_email__dcnt__w1h,1,A_base,L0,Receiver / payee ID,receiver,counterparty,Distinct emails,velocity,distinct count,1 hour,time,unconditioned,raw value,realtime,LOW,5,months-quarters,,candidate,,,,,
receiver__d_email__dcnt__w30d,1,A_base,L0,Receiver / payee ID,receiver,counterparty,Distinct emails,velocity,distinct count,30 days,time,unconditioned,raw value,realtime,LOW,30,months-quarters,,candidate,,,,,
receiver__d_sender__dcnt__w1h,1,A_base,L0,Receiver / payee ID,receiver,counterparty,Distinct senders (fan-in),velocity,distinct count,1 hour,time,unconditioned,raw value,realtime,LOW,5,months-quarters,,candidate,,,,,
receiver__d_sender__dcnt__w30d,1,A_base,L0,Receiver / payee ID,receiver,counterparty,Distinct senders (fan-in),velocity,distinct count,30 days,time,unconditioned,raw value,realtime,LOW,30,months-quarters,,candidate,,,,,
receiver__err_lost_stln__rate__w30d,1,A_base,L0,Receiver / payee ID,receiver,counterparty,ERR rate,outcome,rate (num/denom),30 days,time,unconditioned,raw value,streaming aggregate (sketch-backed),LOW,50,months-quarters,,candidate,,,,,
receiver__err_rate__rate__w30d,1,A_base,L0,Receiver / payee ID,receiver,counterparty,ERR rate (issuer decline),outcome,rate (num/denom),30 days,time,unconditioned,raw value,streaming aggregate (sketch-backed),MED - encodes current policy; re-baseline on threshold change,50,months-quarters,,candidate,,,,,
receiver__fail_then_ok__cnt__w1h,1,A_base,L0,Receiver / payee ID,receiver,counterparty,Failed-auth-then-success cnt,behavior,count,1 hour,time,unconditioned,raw value,realtime,LOW,5,months-quarters,,candidate,,,,,
receiver__fail_then_ok__sum__w1h,1,A_base,L0,Receiver / payee ID,receiver,counterparty,Failed-auth-then-success cnt,behavior,sum,1 hour,time,unconditioned,raw value,realtime,LOW,5,months-quarters,,candidate,,,,,
receiver__interarrival__cnt__w1h,1,A_base,L0,Receiver / payee ID,receiver,counterparty,Inter-arrival seconds,behavior,count,1 hour,time,unconditioned,raw value,realtime,LOW,5,months-quarters,,candidate,,,,,
receiver__interarrival__mean__w1h,1,A_base,L0,Receiver / payee ID,receiver,counterparty,Inter-arrival seconds,behavior,mean,1 hour,time,unconditioned,raw value,realtime,LOW,5,months-quarters,,candidate,,,,,
receiver__block_rate__rate__w30d,1,A_base,L0,Receiver / payee ID,receiver,counterparty,Model block rate (policy),outcome,rate (num/denom),30 days,time,unconditioned,raw value,streaming aggregate (sketch-backed),MED - encodes current policy; re-baseline on threshold change,50,months-quarters,,candidate,,,,,
receiver__amt_repeat__rate__w1h,1,A_base,L0,Receiver / payee ID,receiver,counterparty,Repeat-identical-amount rate,behavior,rate (num/denom),1 hour,time,unconditioned,raw value,realtime,LOW,5,months-quarters,,candidate,,,,,
receiver__amt_escalate__cnt__w1h,1,A_base,L0,Receiver / payee ID,receiver,counterparty,Small-then-large sequence cnt,behavior,count,1 hour,time,unconditioned,raw value,realtime,LOW,5,months-quarters,,candidate,,,,,
receiver__amt_escalate__sum__w1h,1,A_base,L0,Receiver / payee ID,receiver,counterparty,Small-then-large sequence cnt,behavior,sum,1 hour,time,unconditioned,raw value,realtime,LOW,5,months-quarters,,candidate,,,,,
receiver__tc40_rate__rate__w30d,1,A_base,L0,Receiver / payee ID,receiver,counterparty,TC40/SAFE alert rate,outcome,rate (num/denom),30 days,time,unconditioned,raw value,streaming aggregate (sketch-backed),HIGH - point-in-time on label_arrival_ts + out-of-fold encoding required,200,months-quarters,,candidate,,,,,
receiver__amt__cnt__w1h,1,A_base,L0,Receiver / payee ID,receiver,counterparty,Transaction amount,velocity,count,1 hour,time,unconditioned,raw value,realtime,LOW,5,months-quarters,,candidate,,,,,
receiver__amt__cnt__w30d,1,A_base,L0,Receiver / payee ID,receiver,counterparty,Transaction amount,velocity,count,30 days,time,unconditioned,raw value,realtime,LOW,30,months-quarters,,candidate,,,,,
receiver__amt__sum__w1h,1,A_base,L0,Receiver / payee ID,receiver,counterparty,Transaction amount,velocity,sum,1 hour,time,unconditioned,raw value,realtime,LOW,5,months-quarters,,candidate,,,,,
receiver__amt__sum__w30d,1,A_base,L0,Receiver / payee ID,receiver,counterparty,Transaction amount,velocity,sum,30 days,time,unconditioned,raw value,realtime,LOW,30,months-quarters,,candidate,,,,,
receiver__amt__mean__w1h,1,A_base,L0,Receiver / payee ID,receiver,counterparty,Transaction amount,velocity,mean,1 hour,time,unconditioned,raw value,realtime,LOW,5,months-quarters,,candidate,,,,,
receiver__amt__mean__w30d,1,A_base,L0,Receiver / payee ID,receiver,counterparty,Transaction amount,velocity,mean,30 days,time,unconditioned,raw value,realtime,LOW,30,months-quarters,,candidate,,,,,
receiver__txn_cnt__cnt__w1h,1,A_base,L0,Receiver / payee ID,receiver,counterparty,Transaction count,velocity,count,1 hour,time,unconditioned,raw value,realtime,LOW,5,months-quarters,,candidate,,,,,
receiver__txn_cnt__cnt__w30d,1,A_base,L0,Receiver / payee ID,receiver,counterparty,Transaction count,velocity,count,30 days,time,unconditioned,raw value,realtime,LOW,30,months-quarters,,candidate,,,,,
receiver__txn_cnt__sum__w1h,1,A_base,L0,Receiver / payee ID,receiver,counterparty,Transaction count,velocity,sum,1 hour,time,unconditioned,raw value,realtime,LOW,5,months-quarters,,candidate,,,,,
receiver__txn_cnt__sum__w30d,1,A_base,L0,Receiver / payee ID,receiver,counterparty,Transaction count,velocity,sum,30 days,time,unconditioned,raw value,realtime,LOW,30,months-quarters,,candidate,,,,,
recv_country__cb_fraud_rate__rate__w30d,1,A_base,L0,Receiver country,recv_country,counterparty,CB rate,outcome,rate (num/denom),30 days,time,unconditioned,raw value,streaming aggregate (sketch-backed),HIGH - point-in-time on label_arrival_ts + out-of-fold encoding required,200,months-quarters,,candidate,,,,,
recv_country__cb_nonfr_rate__rate__w30d,1,A_base,L0,Receiver country,recv_country,counterparty,CB rate,outcome,rate (num/denom),30 days,time,unconditioned,raw value,streaming aggregate (sketch-backed),HIGH - point-in-time on label_arrival_ts + out-of-fold encoding required,200,months-quarters,,candidate,,,,,
recv_country__champ_score__cnt__w30d,1,A_base,L0,Receiver country,recv_country,counterparty,Champion model score,score,count,30 days,time,unconditioned,raw value,realtime,MED - encodes current policy; re-baseline on threshold change,30,months-quarters,,candidate,,,,,
recv_country__champ_score__mean__w30d,1,A_base,L0,Receiver country,recv_country,counterparty,Champion model score,score,mean,30 days,time,unconditioned,raw value,realtime,MED - encodes current policy; re-baseline on threshold change,30,months-quarters,,candidate,,,,,
recv_country__cb_amt__cnt__w30d,1,A_base,L0,Receiver country,recv_country,counterparty,Chargeback dollars,outcome,count,30 days,time,unconditioned,raw value,streaming aggregate (sketch-backed),HIGH - point-in-time on label_arrival_ts + out-of-fold encoding required,200,months-quarters,,candidate,,,,,
recv_country__cb_amt__sum__w30d,1,A_base,L0,Receiver country,recv_country,counterparty,Chargeback dollars,outcome,sum,30 days,time,unconditioned,raw value,streaming aggregate (sketch-backed),HIGH - point-in-time on label_arrival_ts + out-of-fold encoding required,200,months-quarters,,candidate,,,,,
recv_country__cb_amt__mean__w30d,1,A_base,L0,Receiver country,recv_country,counterparty,Chargeback dollars,outcome,mean,30 days,time,unconditioned,raw value,streaming aggregate (sketch-backed),HIGH - point-in-time on label_arrival_ts + out-of-fold encoding required,200,months-quarters,,candidate,,,,,
recv_country__cb_rate__rate__w30d,1,A_base,L0,Receiver country,recv_country,counterparty,Chargeback rate,outcome,rate (num/denom),30 days,time,unconditioned,raw value,streaming aggregate (sketch-backed),HIGH - point-in-time on label_arrival_ts + out-of-fold encoding required,200,months-quarters,,candidate,,,,,
recv_country__den_rate__rate__w30d,1,A_base,L0,Receiver country,recv_country,counterparty,DEN rate (downstream rules),outcome,rate (num/denom),30 days,time,unconditioned,raw value,streaming aggregate (sketch-backed),MED - encodes current policy; re-baseline on threshold change,50,months-quarters,,candidate,,,,,
recv_country__d_bin8__dcnt__w1h,1,A_base,L0,Receiver country,recv_country,counterparty,Distinct BINs tried,velocity,distinct count,1 hour,time,unconditioned,raw value,realtime,LOW,5,months-quarters,,candidate,,,,,
recv_country__d_bin8__dcnt__w30d,1,A_base,L0,Receiver country,recv_country,counterparty,Distinct BINs tried,velocity,distinct count,30 days,time,unconditioned,raw value,realtime,LOW,30,months-quarters,,candidate,,,,,
recv_country__d_pan__dcnt__w1h,1,A_base,L0,Receiver country,recv_country,counterparty,Distinct cards,velocity,distinct count,1 hour,time,unconditioned,raw value,realtime,LOW,5,months-quarters,,candidate,,,,,
recv_country__d_pan__dcnt__w30d,1,A_base,L0,Receiver country,recv_country,counterparty,Distinct cards,velocity,distinct count,30 days,time,unconditioned,raw value,realtime,LOW,30,months-quarters,,candidate,,,,,
recv_country__d_cust__dcnt__w1h,1,A_base,L0,Receiver country,recv_country,counterparty,Distinct customers,velocity,distinct count,1 hour,time,unconditioned,raw value,realtime,LOW,5,months-quarters,,candidate,,,,,
recv_country__d_cust__dcnt__w30d,1,A_base,L0,Receiver country,recv_country,counterparty,Distinct customers,velocity,distinct count,30 days,time,unconditioned,raw value,realtime,LOW,30,months-quarters,,candidate,,,,,
recv_country__d_device__dcnt__w1h,1,A_base,L0,Receiver country,recv_country,counterparty,Distinct devices,velocity,distinct count,1 hour,time,unconditioned,raw value,realtime,LOW,5,months-quarters,,candidate,,,,,
recv_country__d_device__dcnt__w30d,1,A_base,L0,Receiver country,recv_country,counterparty,Distinct devices,velocity,distinct count,30 days,time,unconditioned,raw value,realtime,LOW,30,months-quarters,,candidate,,,,,
recv_country__d_email__dcnt__w1h,1,A_base,L0,Receiver country,recv_country,counterparty,Distinct emails,velocity,distinct count,1 hour,time,unconditioned,raw value,realtime,LOW,5,months-quarters,,candidate,,,,,
recv_country__d_email__dcnt__w30d,1,A_base,L0,Receiver country,recv_country,counterparty,Distinct emails,velocity,distinct count,30 days,time,unconditioned,raw value,realtime,LOW,30,months-quarters,,candidate,,,,,
recv_country__d_receiver__dcnt__w1h,1,A_base,L0,Receiver country,recv_country,counterparty,Distinct receivers (fan-out),velocity,distinct count,1 hour,time,unconditioned,raw value,realtime,LOW,5,months-quarters,,candidate,,,,,
recv_country__d_receiver__dcnt__w30d,1,A_base,L0,Receiver country,recv_country,counterparty,Distinct receivers (fan-out),velocity,distinct count,30 days,time,unconditioned,raw value,realtime,LOW,30,months-quarters,,candidate,,,,,
recv_country__d_sender__dcnt__w1h,1,A_base,L0,Receiver country,recv_country,counterparty,Distinct senders (fan-in),velocity,distinct count,1 hour,time,unconditioned,raw value,realtime,LOW,5,months-quarters,,candidate,,,,,
recv_country__d_sender__dcnt__w30d,1,A_base,L0,Receiver country,recv_country,counterparty,Distinct senders (fan-in),velocity,distinct count,30 days,time,unconditioned,raw value,realtime,LOW,30,months-quarters,,candidate,,,,,
recv_country__err_lost_stln__rate__w30d,1,A_base,L0,Receiver country,recv_country,counterparty,ERR rate,outcome,rate (num/denom),30 days,time,unconditioned,raw value,streaming aggregate (sketch-backed),LOW,50,months-quarters,,candidate,,,,,
recv_country__err_rate__rate__w30d,1,A_base,L0,Receiver country,recv_country,counterparty,ERR rate (issuer decline),outcome,rate (num/denom),30 days,time,unconditioned,raw value,streaming aggregate (sketch-backed),MED - encodes current policy; re-baseline on threshold change,50,months-quarters,,candidate,,,,,
recv_country__fail_then_ok__cnt__w1h,1,A_base,L0,Receiver country,recv_country,counterparty,Failed-auth-then-success cnt,behavior,count,1 hour,time,unconditioned,raw value,realtime,LOW,5,months-quarters,,candidate,,,,,
recv_country__fail_then_ok__sum__w1h,1,A_base,L0,Receiver country,recv_country,counterparty,Failed-auth-then-success cnt,behavior,sum,1 hour,time,unconditioned,raw value,realtime,LOW,5,months-quarters,,candidate,,,,,
recv_country__interarrival__cnt__w1h,1,A_base,L0,Receiver country,recv_country,counterparty,Inter-arrival seconds,behavior,count,1 hour,time,unconditioned,raw value,realtime,LOW,5,months-quarters,,candidate,,,,,
recv_country__interarrival__mean__w1h,1,A_base,L0,Receiver country,recv_country,counterparty,Inter-arrival seconds,behavior,mean,1 hour,time,unconditioned,raw value,realtime,LOW,5,months-quarters,,candidate,,,,,
recv_country__block_rate__rate__w30d,1,A_base,L0,Receiver country,recv_country,counterparty,Model block rate (policy),outcome,rate (num/denom),30 days,time,unconditioned,raw value,streaming aggregate (sketch-backed),MED - encodes current policy; re-baseline on threshold change,50,months-quarters,,candidate,,,,,
recv_country__amt_repeat__rate__w1h,1,A_base,L0,Receiver country,recv_country,counterparty,Repeat-identical-amount rate,behavior,rate (num/denom),1 hour,time,unconditioned,raw value,realtime,LOW,5,months-quarters,,candidate,,,,,
recv_country__amt_escalate__cnt__w1h,1,A_base,L0,Receiver country,recv_country,counterparty,Small-then-large sequence cnt,behavior,count,1 hour,time,unconditioned,raw value,realtime,LOW,5,months-quarters,,candidate,,,,,
recv_country__amt_escalate__sum__w1h,1,A_base,L0,Receiver country,recv_country,counterparty,Small-then-large sequence cnt,behavior,sum,1 hour,time,unconditioned,raw value,realtime,LOW,5,months-quarters,,candidate,,,,,
recv_country__tc40_rate__rate__w30d,1,A_base,L0,Receiver country,recv_country,counterparty,TC40/SAFE alert rate,outcome,rate (num/denom),30 days,time,unconditioned,raw value,streaming aggregate (sketch-backed),HIGH - point-in-time on label_arrival_ts + out-of-fold encoding required,200,months-quarters,,candidate,,,,,
recv_country__amt__cnt__w1h,1,A_base,L0,Receiver country,recv_country,counterparty,Transaction amount,velocity,count,1 hour,time,unconditioned,raw value,realtime,LOW,5,months-quarters,,candidate,,,,,
recv_country__amt__cnt__w30d,1,A_base,L0,Receiver country,recv_country,counterparty,Transaction amount,velocity,count,30 days,time,unconditioned,raw value,realtime,LOW,30,months-quarters,,candidate,,,,,
recv_country__amt__sum__w1h,1,A_base,L0,Receiver country,recv_country,counterparty,Transaction amount,velocity,sum,1 hour,time,unconditioned,raw value,realtime,LOW,5,months-quarters,,candidate,,,,,
recv_country__amt__sum__w30d,1,A_base,L0,Receiver country,recv_country,counterparty,Transaction amount,velocity,sum,30 days,time,unconditioned,raw value,realtime,LOW,30,months-quarters,,candidate,,,,,
recv_country__amt__mean__w1h,1,A_base,L0,Receiver country,recv_country,counterparty,Transaction amount,velocity,mean,1 hour,time,unconditioned,raw value,realtime,LOW,5,months-quarters,,candidate,,,,,
recv_country__amt__mean__w30d,1,A_base,L0,Receiver country,recv_country,counterparty,Transaction amount,velocity,mean,30 days,time,unconditioned,raw value,realtime,LOW,30,months-quarters,,candidate,,,,,
recv_country__txn_cnt__cnt__w1h,1,A_base,L0,Receiver country,recv_country,counterparty,Transaction count,velocity,count,1 hour,time,unconditioned,raw value,realtime,LOW,5,months-quarters,,candidate,,,,,
recv_country__txn_cnt__cnt__w30d,1,A_base,L0,Receiver country,recv_country,counterparty,Transaction count,velocity,count,30 days,time,unconditioned,raw value,realtime,LOW,30,months-quarters,,candidate,,,,,
recv_country__txn_cnt__sum__w1h,1,A_base,L0,Receiver country,recv_country,counterparty,Transaction count,velocity,sum,1 hour,time,unconditioned,raw value,realtime,LOW,5,months-quarters,,candidate,,,,,
recv_country__txn_cnt__sum__w30d,1,A_base,L0,Receiver country,recv_country,counterparty,Transaction count,velocity,sum,30 days,time,unconditioned,raw value,realtime,LOW,30,months-quarters,,candidate,,,,,
recv_acct__cb_fraud_rate__rate__w30d,1,A_base,L0,Receiver payout account/IBAN,recv_acct,counterparty,CB rate,outcome,rate (num/denom),30 days,time,unconditioned,raw value,streaming aggregate (sketch-backed),HIGH - point-in-time on label_arrival_ts + out-of-fold encoding required,200,months-quarters,,candidate,,,,,
recv_acct__cb_nonfr_rate__rate__w30d,1,A_base,L0,Receiver payout account/IBAN,recv_acct,counterparty,CB rate,outcome,rate (num/denom),30 days,time,unconditioned,raw value,streaming aggregate (sketch-backed),HIGH - point-in-time on label_arrival_ts + out-of-fold encoding required,200,months-quarters,,candidate,,,,,
recv_acct__champ_score__cnt__w30d,1,A_base,L0,Receiver payout account/IBAN,recv_acct,counterparty,Champion model score,score,count,30 days,time,unconditioned,raw value,realtime,MED - encodes current policy; re-baseline on threshold change,30,months-quarters,,candidate,,,,,
recv_acct__champ_score__mean__w30d,1,A_base,L0,Receiver payout account/IBAN,recv_acct,counterparty,Champion model score,score,mean,30 days,time,unconditioned,raw value,realtime,MED - encodes current policy; re-baseline on threshold change,30,months-quarters,,candidate,,,,,
recv_acct__cb_amt__cnt__w30d,1,A_base,L0,Receiver payout account/IBAN,recv_acct,counterparty,Chargeback dollars,outcome,count,30 days,time,unconditioned,raw value,streaming aggregate (sketch-backed),HIGH - point-in-time on label_arrival_ts + out-of-fold encoding required,200,months-quarters,,candidate,,,,,
recv_acct__cb_amt__sum__w30d,1,A_base,L0,Receiver payout account/IBAN,recv_acct,counterparty,Chargeback dollars,outcome,sum,30 days,time,unconditioned,raw value,streaming aggregate (sketch-backed),HIGH - point-in-time on label_arrival_ts + out-of-fold encoding required,200,months-quarters,,candidate,,,,,
recv_acct__cb_amt__mean__w30d,1,A_base,L0,Receiver payout account/IBAN,recv_acct,counterparty,Chargeback dollars,outcome,mean,30 days,time,unconditioned,raw value,streaming aggregate (sketch-backed),HIGH - point-in-time on label_arrival_ts + out-of-fold encoding required,200,months-quarters,,candidate,,,,,
recv_acct__cb_rate__rate__w30d,1,A_base,L0,Receiver payout account/IBAN,recv_acct,counterparty,Chargeback rate,outcome,rate (num/denom),30 days,time,unconditioned,raw value,streaming aggregate (sketch-backed),HIGH - point-in-time on label_arrival_ts + out-of-fold encoding required,200,months-quarters,,candidate,,,,,
recv_acct__den_rate__rate__w30d,1,A_base,L0,Receiver payout account/IBAN,recv_acct,counterparty,DEN rate (downstream rules),outcome,rate (num/denom),30 days,time,unconditioned,raw value,streaming aggregate (sketch-backed),MED - encodes current policy; re-baseline on threshold change,50,months-quarters,,candidate,,,,,
recv_acct__d_bin8__dcnt__w1h,1,A_base,L0,Receiver payout account/IBAN,recv_acct,counterparty,Distinct BINs tried,velocity,distinct count,1 hour,time,unconditioned,raw value,realtime,LOW,5,months-quarters,,candidate,,,,,
recv_acct__d_bin8__dcnt__w30d,1,A_base,L0,Receiver payout account/IBAN,recv_acct,counterparty,Distinct BINs tried,velocity,distinct count,30 days,time,unconditioned,raw value,realtime,LOW,30,months-quarters,,candidate,,,,,
recv_acct__d_pan__dcnt__w1h,1,A_base,L0,Receiver payout account/IBAN,recv_acct,counterparty,Distinct cards,velocity,distinct count,1 hour,time,unconditioned,raw value,realtime,LOW,5,months-quarters,,candidate,,,,,
recv_acct__d_pan__dcnt__w30d,1,A_base,L0,Receiver payout account/IBAN,recv_acct,counterparty,Distinct cards,velocity,distinct count,30 days,time,unconditioned,raw value,realtime,LOW,30,months-quarters,,candidate,,,,,
recv_acct__d_cust__dcnt__w1h,1,A_base,L0,Receiver payout account/IBAN,recv_acct,counterparty,Distinct customers,velocity,distinct count,1 hour,time,unconditioned,raw value,realtime,LOW,5,months-quarters,,candidate,,,,,
recv_acct__d_cust__dcnt__w30d,1,A_base,L0,Receiver payout account/IBAN,recv_acct,counterparty,Distinct customers,velocity,distinct count,30 days,time,unconditioned,raw value,realtime,LOW,30,months-quarters,,candidate,,,,,
recv_acct__d_device__dcnt__w1h,1,A_base,L0,Receiver payout account/IBAN,recv_acct,counterparty,Distinct devices,velocity,distinct count,1 hour,time,unconditioned,raw value,realtime,LOW,5,months-quarters,,candidate,,,,,
recv_acct__d_device__dcnt__w30d,1,A_base,L0,Receiver payout account/IBAN,recv_acct,counterparty,Distinct devices,velocity,distinct count,30 days,time,unconditioned,raw value,realtime,LOW,30,months-quarters,,candidate,,,,,
recv_acct__d_email__dcnt__w1h,1,A_base,L0,Receiver payout account/IBAN,recv_acct,counterparty,Distinct emails,velocity,distinct count,1 hour,time,unconditioned,raw value,realtime,LOW,5,months-quarters,,candidate,,,,,
recv_acct__d_email__dcnt__w30d,1,A_base,L0,Receiver payout account/IBAN,recv_acct,counterparty,Distinct emails,velocity,distinct count,30 days,time,unconditioned,raw value,realtime,LOW,30,months-quarters,,candidate,,,,,
recv_acct__d_receiver__dcnt__w1h,1,A_base,L0,Receiver payout account/IBAN,recv_acct,counterparty,Distinct receivers (fan-out),velocity,distinct count,1 hour,time,unconditioned,raw value,realtime,LOW,5,months-quarters,,candidate,,,,,
recv_acct__d_receiver__dcnt__w30d,1,A_base,L0,Receiver payout account/IBAN,recv_acct,counterparty,Distinct receivers (fan-out),velocity,distinct count,30 days,time,unconditioned,raw value,realtime,LOW,30,months-quarters,,candidate,,,,,
recv_acct__d_sender__dcnt__w1h,1,A_base,L0,Receiver payout account/IBAN,recv_acct,counterparty,Distinct senders (fan-in),velocity,distinct count,1 hour,time,unconditioned,raw value,realtime,LOW,5,months-quarters,,candidate,,,,,
recv_acct__d_sender__dcnt__w30d,1,A_base,L0,Receiver payout account/IBAN,recv_acct,counterparty,Distinct senders (fan-in),velocity,distinct count,30 days,time,unconditioned,raw value,realtime,LOW,30,months-quarters,,candidate,,,,,
recv_acct__err_lost_stln__rate__w30d,1,A_base,L0,Receiver payout account/IBAN,recv_acct,counterparty,ERR rate,outcome,rate (num/denom),30 days,time,unconditioned,raw value,streaming aggregate (sketch-backed),LOW,50,months-quarters,,candidate,,,,,
recv_acct__err_rate__rate__w30d,1,A_base,L0,Receiver payout account/IBAN,recv_acct,counterparty,ERR rate (issuer decline),outcome,rate (num/denom),30 days,time,unconditioned,raw value,streaming aggregate (sketch-backed),MED - encodes current policy; re-baseline on threshold change,50,months-quarters,,candidate,,,,,
recv_acct__fail_then_ok__cnt__w1h,1,A_base,L0,Receiver payout account/IBAN,recv_acct,counterparty,Failed-auth-then-success cnt,behavior,count,1 hour,time,unconditioned,raw value,realtime,LOW,5,months-quarters,,candidate,,,,,
recv_acct__fail_then_ok__sum__w1h,1,A_base,L0,Receiver payout account/IBAN,recv_acct,counterparty,Failed-auth-then-success cnt,behavior,sum,1 hour,time,unconditioned,raw value,realtime,LOW,5,months-quarters,,candidate,,,,,
recv_acct__interarrival__cnt__w1h,1,A_base,L0,Receiver payout account/IBAN,recv_acct,counterparty,Inter-arrival seconds,behavior,count,1 hour,time,unconditioned,raw value,realtime,LOW,5,months-quarters,,candidate,,,,,
recv_acct__interarrival__mean__w1h,1,A_base,L0,Receiver payout account/IBAN,recv_acct,counterparty,Inter-arrival seconds,behavior,mean,1 hour,time,unconditioned,raw value,realtime,LOW,5,months-quarters,,candidate,,,,,
recv_acct__block_rate__rate__w30d,1,A_base,L0,Receiver payout account/IBAN,recv_acct,counterparty,Model block rate (policy),outcome,rate (num/denom),30 days,time,unconditioned,raw value,streaming aggregate (sketch-backed),MED - encodes current policy; re-baseline on threshold change,50,months-quarters,,candidate,,,,,
recv_acct__amt_repeat__rate__w1h,1,A_base,L0,Receiver payout account/IBAN,recv_acct,counterparty,Repeat-identical-amount rate,behavior,rate (num/denom),1 hour,time,unconditioned,raw value,realtime,LOW,5,months-quarters,,candidate,,,,,
recv_acct__amt_escalate__cnt__w1h,1,A_base,L0,Receiver payout account/IBAN,recv_acct,counterparty,Small-then-large sequence cnt,behavior,count,1 hour,time,unconditioned,raw value,realtime,LOW,5,months-quarters,,candidate,,,,,
recv_acct__amt_escalate__sum__w1h,1,A_base,L0,Receiver payout account/IBAN,recv_acct,counterparty,Small-then-large sequence cnt,behavior,sum,1 hour,time,unconditioned,raw value,realtime,LOW,5,months-quarters,,candidate,,,,,
recv_acct__tc40_rate__rate__w30d,1,A_base,L0,Receiver payout account/IBAN,recv_acct,counterparty,TC40/SAFE alert rate,outcome,rate (num/denom),30 days,time,unconditioned,raw value,streaming aggregate (sketch-backed),HIGH - point-in-time on label_arrival_ts + out-of-fold encoding required,200,months-quarters,,candidate,,,,,
recv_acct__amt__cnt__w1h,1,A_base,L0,Receiver payout account/IBAN,recv_acct,counterparty,Transaction amount,velocity,count,1 hour,time,unconditioned,raw value,realtime,LOW,5,months-quarters,,candidate,,,,,
recv_acct__amt__cnt__w30d,1,A_base,L0,Receiver payout account/IBAN,recv_acct,counterparty,Transaction amount,velocity,count,30 days,time,unconditioned,raw value,realtime,LOW,30,months-quarters,,candidate,,,,,
recv_acct__amt__sum__w1h,1,A_base,L0,Receiver payout account/IBAN,recv_acct,counterparty,Transaction amount,velocity,sum,1 hour,time,unconditioned,raw value,realtime,LOW,5,months-quarters,,candidate,,,,,
recv_acct__amt__sum__w30d,1,A_base,L0,Receiver payout account/IBAN,recv_acct,counterparty,Transaction amount,velocity,sum,30 days,time,unconditioned,raw value,realtime,LOW,30,months-quarters,,candidate,,,,,
recv_acct__amt__mean__w1h,1,A_base,L0,Receiver payout account/IBAN,recv_acct,counterparty,Transaction amount,velocity,mean,1 hour,time,unconditioned,raw value,realtime,LOW,5,months-quarters,,candidate,,,,,
recv_acct__amt__mean__w30d,1,A_base,L0,Receiver payout account/IBAN,recv_acct,counterparty,Transaction amount,velocity,mean,30 days,time,unconditioned,raw value,realtime,LOW,30,months-quarters,,candidate,,,,,
recv_acct__txn_cnt__cnt__w1h,1,A_base,L0,Receiver payout account/IBAN,recv_acct,counterparty,Transaction count,velocity,count,1 hour,time,unconditioned,raw value,realtime,LOW,5,months-quarters,,candidate,,,,,
recv_acct__txn_cnt__cnt__w30d,1,A_base,L0,Receiver payout account/IBAN,recv_acct,counterparty,Transaction count,velocity,count,30 days,time,unconditioned,raw value,realtime,LOW,30,months-quarters,,candidate,,,,,
recv_acct__txn_cnt__sum__w1h,1,A_base,L0,Receiver payout account/IBAN,recv_acct,counterparty,Transaction count,velocity,sum,1 hour,time,unconditioned,raw value,realtime,LOW,5,months-quarters,,candidate,,,,,
recv_acct__txn_cnt__sum__w30d,1,A_base,L0,Receiver payout account/IBAN,recv_acct,counterparty,Transaction count,velocity,sum,30 days,time,unconditioned,raw value,realtime,LOW,30,months-quarters,,candidate,,,,,
send_recv__cb_fraud_rate__rate__w30d,1,A_base,L0,Sender-Receiver pair,send_recv,counterparty,CB rate,outcome,rate (num/denom),30 days,time,unconditioned,raw value,streaming aggregate (sketch-backed),HIGH - point-in-time on label_arrival_ts + out-of-fold encoding required,200,months-quarters,,candidate,,,,,
send_recv__cb_nonfr_rate__rate__w30d,1,A_base,L0,Sender-Receiver pair,send_recv,counterparty,CB rate,outcome,rate (num/denom),30 days,time,unconditioned,raw value,streaming aggregate (sketch-backed),HIGH - point-in-time on label_arrival_ts + out-of-fold encoding required,200,months-quarters,,candidate,,,,,
send_recv__champ_score__cnt__w30d,1,A_base,L0,Sender-Receiver pair,send_recv,counterparty,Champion model score,score,count,30 days,time,unconditioned,raw value,realtime,MED - encodes current policy; re-baseline on threshold change,30,months-quarters,,candidate,,,,,
send_recv__champ_score__mean__w30d,1,A_base,L0,Sender-Receiver pair,send_recv,counterparty,Champion model score,score,mean,30 days,time,unconditioned,raw value,realtime,MED - encodes current policy; re-baseline on threshold change,30,months-quarters,,candidate,,,,,
send_recv__cb_amt__cnt__w30d,1,A_base,L0,Sender-Receiver pair,send_recv,counterparty,Chargeback dollars,outcome,count,30 days,time,unconditioned,raw value,streaming aggregate (sketch-backed),HIGH - point-in-time on label_arrival_ts + out-of-fold encoding required,200,months-quarters,,candidate,,,,,
send_recv__cb_amt__sum__w30d,1,A_base,L0,Sender-Receiver pair,send_recv,counterparty,Chargeback dollars,outcome,sum,30 days,time,unconditioned,raw value,streaming aggregate (sketch-backed),HIGH - point-in-time on label_arrival_ts + out-of-fold encoding required,200,months-quarters,,candidate,,,,,
send_recv__cb_amt__mean__w30d,1,A_base,L0,Sender-Receiver pair,send_recv,counterparty,Chargeback dollars,outcome,mean,30 days,time,unconditioned,raw value,streaming aggregate (sketch-backed),HIGH - point-in-time on label_arrival_ts + out-of-fold encoding required,200,months-quarters,,candidate,,,,,
send_recv__cb_rate__rate__w30d,1,A_base,L0,Sender-Receiver pair,send_recv,counterparty,Chargeback rate,outcome,rate (num/denom),30 days,time,unconditioned,raw value,streaming aggregate (sketch-backed),HIGH - point-in-time on label_arrival_ts + out-of-fold encoding required,200,months-quarters,,candidate,,,,,
send_recv__den_rate__rate__w30d,1,A_base,L0,Sender-Receiver pair,send_recv,counterparty,DEN rate (downstream rules),outcome,rate (num/denom),30 days,time,unconditioned,raw value,streaming aggregate (sketch-backed),MED - encodes current policy; re-baseline on threshold change,50,months-quarters,,candidate,,,,,
send_recv__d_bin8__dcnt__w1h,1,A_base,L0,Sender-Receiver pair,send_recv,counterparty,Distinct BINs tried,velocity,distinct count,1 hour,time,unconditioned,raw value,realtime,LOW,5,months-quarters,,candidate,,,,,
send_recv__d_bin8__dcnt__w30d,1,A_base,L0,Sender-Receiver pair,send_recv,counterparty,Distinct BINs tried,velocity,distinct count,30 days,time,unconditioned,raw value,realtime,LOW,30,months-quarters,,candidate,,,,,
send_recv__d_pan__dcnt__w1h,1,A_base,L0,Sender-Receiver pair,send_recv,counterparty,Distinct cards,velocity,distinct count,1 hour,time,unconditioned,raw value,realtime,LOW,5,months-quarters,,candidate,,,,,
send_recv__d_pan__dcnt__w30d,1,A_base,L0,Sender-Receiver pair,send_recv,counterparty,Distinct cards,velocity,distinct count,30 days,time,unconditioned,raw value,realtime,LOW,30,months-quarters,,candidate,,,,,
send_recv__d_cust__dcnt__w1h,1,A_base,L0,Sender-Receiver pair,send_recv,counterparty,Distinct customers,velocity,distinct count,1 hour,time,unconditioned,raw value,realtime,LOW,5,months-quarters,,candidate,,,,,
send_recv__d_cust__dcnt__w30d,1,A_base,L0,Sender-Receiver pair,send_recv,counterparty,Distinct customers,velocity,distinct count,30 days,time,unconditioned,raw value,realtime,LOW,30,months-quarters,,candidate,,,,,
send_recv__d_device__dcnt__w1h,1,A_base,L0,Sender-Receiver pair,send_recv,counterparty,Distinct devices,velocity,distinct count,1 hour,time,unconditioned,raw value,realtime,LOW,5,months-quarters,,candidate,,,,,
send_recv__d_device__dcnt__w30d,1,A_base,L0,Sender-Receiver pair,send_recv,counterparty,Distinct devices,velocity,distinct count,30 days,time,unconditioned,raw value,realtime,LOW,30,months-quarters,,candidate,,,,,
send_recv__d_email__dcnt__w1h,1,A_base,L0,Sender-Receiver pair,send_recv,counterparty,Distinct emails,velocity,distinct count,1 hour,time,unconditioned,raw value,realtime,LOW,5,months-quarters,,candidate,,,,,
send_recv__d_email__dcnt__w30d,1,A_base,L0,Sender-Receiver pair,send_recv,counterparty,Distinct emails,velocity,distinct count,30 days,time,unconditioned,raw value,realtime,LOW,30,months-quarters,,candidate,,,,,
send_recv__d_receiver__dcnt__w1h,1,A_base,L0,Sender-Receiver pair,send_recv,counterparty,Distinct receivers (fan-out),velocity,distinct count,1 hour,time,unconditioned,raw value,realtime,LOW,5,months-quarters,,candidate,,,,,
send_recv__d_receiver__dcnt__w30d,1,A_base,L0,Sender-Receiver pair,send_recv,counterparty,Distinct receivers (fan-out),velocity,distinct count,30 days,time,unconditioned,raw value,realtime,LOW,30,months-quarters,,candidate,,,,,
send_recv__err_lost_stln__rate__w30d,1,A_base,L0,Sender-Receiver pair,send_recv,counterparty,ERR rate,outcome,rate (num/denom),30 days,time,unconditioned,raw value,streaming aggregate (sketch-backed),LOW,50,months-quarters,,candidate,,,,,
send_recv__err_rate__rate__w30d,1,A_base,L0,Sender-Receiver pair,send_recv,counterparty,ERR rate (issuer decline),outcome,rate (num/denom),30 days,time,unconditioned,raw value,streaming aggregate (sketch-backed),MED - encodes current policy; re-baseline on threshold change,50,months-quarters,,candidate,,,,,
send_recv__fail_then_ok__cnt__w1h,1,A_base,L0,Sender-Receiver pair,send_recv,counterparty,Failed-auth-then-success cnt,behavior,count,1 hour,time,unconditioned,raw value,realtime,LOW,5,months-quarters,,candidate,,,,,
send_recv__fail_then_ok__sum__w1h,1,A_base,L0,Sender-Receiver pair,send_recv,counterparty,Failed-auth-then-success cnt,behavior,sum,1 hour,time,unconditioned,raw value,realtime,LOW,5,months-quarters,,candidate,,,,,
send_recv__interarrival__cnt__w1h,1,A_base,L0,Sender-Receiver pair,send_recv,counterparty,Inter-arrival seconds,behavior,count,1 hour,time,unconditioned,raw value,realtime,LOW,5,months-quarters,,candidate,,,,,
send_recv__interarrival__mean__w1h,1,A_base,L0,Sender-Receiver pair,send_recv,counterparty,Inter-arrival seconds,behavior,mean,1 hour,time,unconditioned,raw value,realtime,LOW,5,months-quarters,,candidate,,,,,
send_recv__block_rate__rate__w30d,1,A_base,L0,Sender-Receiver pair,send_recv,counterparty,Model block rate (policy),outcome,rate (num/denom),30 days,time,unconditioned,raw value,streaming aggregate (sketch-backed),MED - encodes current policy; re-baseline on threshold change,50,months-quarters,,candidate,,,,,
send_recv__amt_repeat__rate__w1h,1,A_base,L0,Sender-Receiver pair,send_recv,counterparty,Repeat-identical-amount rate,behavior,rate (num/denom),1 hour,time,unconditioned,raw value,realtime,LOW,5,months-quarters,,candidate,,,,,
send_recv__amt_escalate__cnt__w1h,1,A_base,L0,Sender-Receiver pair,send_recv,counterparty,Small-then-large sequence cnt,behavior,count,1 hour,time,unconditioned,raw value,realtime,LOW,5,months-quarters,,candidate,,,,,
send_recv__amt_escalate__sum__w1h,1,A_base,L0,Sender-Receiver pair,send_recv,counterparty,Small-then-large sequence cnt,behavior,sum,1 hour,time,unconditioned,raw value,realtime,LOW,5,months-quarters,,candidate,,,,,
send_recv__tc40_rate__rate__w30d,1,A_base,L0,Sender-Receiver pair,send_recv,counterparty,TC40/SAFE alert rate,outcome,rate (num/denom),30 days,time,unconditioned,raw value,streaming aggregate (sketch-backed),HIGH - point-in-time on label_arrival_ts + out-of-fold encoding required,200,months-quarters,,candidate,,,,,
send_recv__amt__cnt__w1h,1,A_base,L0,Sender-Receiver pair,send_recv,counterparty,Transaction amount,velocity,count,1 hour,time,unconditioned,raw value,realtime,LOW,5,months-quarters,,candidate,,,,,
send_recv__amt__cnt__w30d,1,A_base,L0,Sender-Receiver pair,send_recv,counterparty,Transaction amount,velocity,count,30 days,time,unconditioned,raw value,realtime,LOW,30,months-quarters,,candidate,,,,,
send_recv__amt__sum__w1h,1,A_base,L0,Sender-Receiver pair,send_recv,counterparty,Transaction amount,velocity,sum,1 hour,time,unconditioned,raw value,realtime,LOW,5,months-quarters,,candidate,,,,,
send_recv__amt__sum__w30d,1,A_base,L0,Sender-Receiver pair,send_recv,counterparty,Transaction amount,velocity,sum,30 days,time,unconditioned,raw value,realtime,LOW,30,months-quarters,,candidate,,,,,
send_recv__amt__mean__w1h,1,A_base,L0,Sender-Receiver pair,send_recv,counterparty,Transaction amount,velocity,mean,1 hour,time,unconditioned,raw value,realtime,LOW,5,months-quarters,,candidate,,,,,
send_recv__amt__mean__w30d,1,A_base,L0,Sender-Receiver pair,send_recv,counterparty,Transaction amount,velocity,mean,30 days,time,unconditioned,raw value,realtime,LOW,30,months-quarters,,candidate,,,,,
send_recv__txn_cnt__cnt__w1h,1,A_base,L0,Sender-Receiver pair,send_recv,counterparty,Transaction count,velocity,count,1 hour,time,unconditioned,raw value,realtime,LOW,5,months-quarters,,candidate,,,,,
send_recv__txn_cnt__cnt__w30d,1,A_base,L0,Sender-Receiver pair,send_recv,counterparty,Transaction count,velocity,count,30 days,time,unconditioned,raw value,realtime,LOW,30,months-quarters,,candidate,,,,,
send_recv__txn_cnt__sum__w1h,1,A_base,L0,Sender-Receiver pair,send_recv,counterparty,Transaction count,velocity,sum,1 hour,time,unconditioned,raw value,realtime,LOW,5,months-quarters,,candidate,,,,,
send_recv__txn_cnt__sum__w30d,1,A_base,L0,Sender-Receiver pair,send_recv,counterparty,Transaction count,velocity,sum,30 days,time,unconditioned,raw value,realtime,LOW,30,months-quarters,,candidate,,,,,
device__cb_fraud_rate__rate__w30d,1,A_base,L0,Device fingerprint ID,device,device,CB rate,outcome,rate (num/denom),30 days,time,unconditioned,raw value,streaming aggregate (sketch-backed),HIGH - point-in-time on label_arrival_ts + out-of-fold encoding required,200,weeks-months,,candidate,,,,,
device__cb_nonfr_rate__rate__w30d,1,A_base,L0,Device fingerprint ID,device,device,CB rate,outcome,rate (num/denom),30 days,time,unconditioned,raw value,streaming aggregate (sketch-backed),HIGH - point-in-time on label_arrival_ts + out-of-fold encoding required,200,weeks-months,,candidate,,,,,
device__champ_score__cnt__w30d,1,A_base,L0,Device fingerprint ID,device,device,Champion model score,score,count,30 days,time,unconditioned,raw value,realtime,MED - encodes current policy; re-baseline on threshold change,30,weeks-months,,candidate,,,,,
device__champ_score__mean__w30d,1,A_base,L0,Device fingerprint ID,device,device,Champion model score,score,mean,30 days,time,unconditioned,raw value,realtime,MED - encodes current policy; re-baseline on threshold change,30,weeks-months,,candidate,,,,,
device__cb_amt__cnt__w30d,1,A_base,L0,Device fingerprint ID,device,device,Chargeback dollars,outcome,count,30 days,time,unconditioned,raw value,streaming aggregate (sketch-backed),HIGH - point-in-time on label_arrival_ts + out-of-fold encoding required,200,weeks-months,,candidate,,,,,
device__cb_amt__sum__w30d,1,A_base,L0,Device fingerprint ID,device,device,Chargeback dollars,outcome,sum,30 days,time,unconditioned,raw value,streaming aggregate (sketch-backed),HIGH - point-in-time on label_arrival_ts + out-of-fold encoding required,200,weeks-months,,candidate,,,,,
device__cb_amt__mean__w30d,1,A_base,L0,Device fingerprint ID,device,device,Chargeback dollars,outcome,mean,30 days,time,unconditioned,raw value,streaming aggregate (sketch-backed),HIGH - point-in-time on label_arrival_ts + out-of-fold encoding required,200,weeks-months,,candidate,,,,,
device__cb_rate__rate__w30d,1,A_base,L0,Device fingerprint ID,device,device,Chargeback rate,outcome,rate (num/denom),30 days,time,unconditioned,raw value,streaming aggregate (sketch-backed),HIGH - point-in-time on label_arrival_ts + out-of-fold encoding required,200,weeks-months,,candidate,,,,,
device__den_rate__rate__w30d,1,A_base,L0,Device fingerprint ID,device,device,DEN rate (downstream rules),outcome,rate (num/denom),30 days,time,unconditioned,raw value,streaming aggregate (sketch-backed),MED - encodes current policy; re-baseline on threshold change,50,weeks-months,,candidate,,,,,
device__d_bin8__dcnt__w1h,1,A_base,L0,Device fingerprint ID,device,device,Distinct BINs tried,velocity,distinct count,1 hour,time,unconditioned,raw value,realtime,LOW,5,weeks-months,,candidate,,,,,
device__d_bin8__dcnt__w30d,1,A_base,L0,Device fingerprint ID,device,device,Distinct BINs tried,velocity,distinct count,30 days,time,unconditioned,raw value,realtime,LOW,30,weeks-months,,candidate,,,,,
device__d_pan__dcnt__w1h,1,A_base,L0,Device fingerprint ID,device,device,Distinct cards,velocity,distinct count,1 hour,time,unconditioned,raw value,realtime,LOW,5,weeks-months,,candidate,,,,,
device__d_pan__dcnt__w30d,1,A_base,L0,Device fingerprint ID,device,device,Distinct cards,velocity,distinct count,30 days,time,unconditioned,raw value,realtime,LOW,30,weeks-months,,candidate,,,,,
device__d_cust__dcnt__w1h,1,A_base,L0,Device fingerprint ID,device,device,Distinct customers,velocity,distinct count,1 hour,time,unconditioned,raw value,realtime,LOW,5,weeks-months,,candidate,,,,,
device__d_cust__dcnt__w30d,1,A_base,L0,Device fingerprint ID,device,device,Distinct customers,velocity,distinct count,30 days,time,unconditioned,raw value,realtime,LOW,30,weeks-months,,candidate,,,,,
device__d_email__dcnt__w1h,1,A_base,L0,Device fingerprint ID,device,device,Distinct emails,velocity,distinct count,1 hour,time,unconditioned,raw value,realtime,LOW,5,weeks-months,,candidate,,,,,
device__d_email__dcnt__w30d,1,A_base,L0,Device fingerprint ID,device,device,Distinct emails,velocity,distinct count,30 days,time,unconditioned,raw value,realtime,LOW,30,weeks-months,,candidate,,,,,
device__d_receiver__dcnt__w1h,1,A_base,L0,Device fingerprint ID,device,device,Distinct receivers (fan-out),velocity,distinct count,1 hour,time,unconditioned,raw value,realtime,LOW,5,weeks-months,,candidate,,,,,
device__d_receiver__dcnt__w30d,1,A_base,L0,Device fingerprint ID,device,device,Distinct receivers (fan-out),velocity,distinct count,30 days,time,unconditioned,raw value,realtime,LOW,30,weeks-months,,candidate,,,,,
device__d_sender__dcnt__w1h,1,A_base,L0,Device fingerprint ID,device,device,Distinct senders (fan-in),velocity,distinct count,1 hour,time,unconditioned,raw value,realtime,LOW,5,weeks-months,,candidate,,,,,
device__d_sender__dcnt__w30d,1,A_base,L0,Device fingerprint ID,device,device,Distinct senders (fan-in),velocity,distinct count,30 days,time,unconditioned,raw value,realtime,LOW,30,weeks-months,,candidate,,,,,
device__err_lost_stln__rate__w30d,1,A_base,L0,Device fingerprint ID,device,device,ERR rate,outcome,rate (num/denom),30 days,time,unconditioned,raw value,streaming aggregate (sketch-backed),LOW,50,weeks-months,,candidate,,,,,
device__err_rate__rate__w30d,1,A_base,L0,Device fingerprint ID,device,device,ERR rate (issuer decline),outcome,rate (num/denom),30 days,time,unconditioned,raw value,streaming aggregate (sketch-backed),MED - encodes current policy; re-baseline on threshold change,50,weeks-months,,candidate,,,,,
device__fail_then_ok__cnt__w1h,1,A_base,L0,Device fingerprint ID,device,device,Failed-auth-then-success cnt,behavior,count,1 hour,time,unconditioned,raw value,realtime,LOW,5,weeks-months,,candidate,,,,,
device__fail_then_ok__sum__w1h,1,A_base,L0,Device fingerprint ID,device,device,Failed-auth-then-success cnt,behavior,sum,1 hour,time,unconditioned,raw value,realtime,LOW,5,weeks-months,,candidate,,,,,
device__interarrival__cnt__w1h,1,A_base,L0,Device fingerprint ID,device,device,Inter-arrival seconds,behavior,count,1 hour,time,unconditioned,raw value,realtime,LOW,5,weeks-months,,candidate,,,,,
device__interarrival__mean__w1h,1,A_base,L0,Device fingerprint ID,device,device,Inter-arrival seconds,behavior,mean,1 hour,time,unconditioned,raw value,realtime,LOW,5,weeks-months,,candidate,,,,,
device__block_rate__rate__w30d,1,A_base,L0,Device fingerprint ID,device,device,Model block rate (policy),outcome,rate (num/denom),30 days,time,unconditioned,raw value,streaming aggregate (sketch-backed),MED - encodes current policy; re-baseline on threshold change,50,weeks-months,,candidate,,,,,
device__amt_repeat__rate__w1h,1,A_base,L0,Device fingerprint ID,device,device,Repeat-identical-amount rate,behavior,rate (num/denom),1 hour,time,unconditioned,raw value,realtime,LOW,5,weeks-months,,candidate,,,,,
device__amt_escalate__cnt__w1h,1,A_base,L0,Device fingerprint ID,device,device,Small-then-large sequence cnt,behavior,count,1 hour,time,unconditioned,raw value,realtime,LOW,5,weeks-months,,candidate,,,,,
device__amt_escalate__sum__w1h,1,A_base,L0,Device fingerprint ID,device,device,Small-then-large sequence cnt,behavior,sum,1 hour,time,unconditioned,raw value,realtime,LOW,5,weeks-months,,candidate,,,,,
device__tc40_rate__rate__w30d,1,A_base,L0,Device fingerprint ID,device,device,TC40/SAFE alert rate,outcome,rate (num/denom),30 days,time,unconditioned,raw value,streaming aggregate (sketch-backed),HIGH - point-in-time on label_arrival_ts + out-of-fold encoding required,200,weeks-months,,candidate,,,,,
device__amt__cnt__w1h,1,A_base,L0,Device fingerprint ID,device,device,Transaction amount,velocity,count,1 hour,time,unconditioned,raw value,realtime,LOW,5,weeks-months,,candidate,,,,,
device__amt__cnt__w30d,1,A_base,L0,Device fingerprint ID,device,device,Transaction amount,velocity,count,30 days,time,unconditioned,raw value,realtime,LOW,30,weeks-months,,candidate,,,,,
device__amt__sum__w1h,1,A_base,L0,Device fingerprint ID,device,device,Transaction amount,velocity,sum,1 hour,time,unconditioned,raw value,realtime,LOW,5,weeks-months,,candidate,,,,,
device__amt__sum__w30d,1,A_base,L0,Device fingerprint ID,device,device,Transaction amount,velocity,sum,30 days,time,unconditioned,raw value,realtime,LOW,30,weeks-months,,candidate,,,,,
device__amt__mean__w1h,1,A_base,L0,Device fingerprint ID,device,device,Transaction amount,velocity,mean,1 hour,time,unconditioned,raw value,realtime,LOW,5,weeks-months,,candidate,,,,,
device__amt__mean__w30d,1,A_base,L0,Device fingerprint ID,device,device,Transaction amount,velocity,mean,30 days,time,unconditioned,raw value,realtime,LOW,30,weeks-months,,candidate,,,,,
device__txn_cnt__cnt__w1h,1,A_base,L0,Device fingerprint ID,device,device,Transaction count,velocity,count,1 hour,time,unconditioned,raw value,realtime,LOW,5,weeks-months,,candidate,,,,,
device__txn_cnt__cnt__w30d,1,A_base,L0,Device fingerprint ID,device,device,Transaction count,velocity,count,30 days,time,unconditioned,raw value,realtime,LOW,30,weeks-months,,candidate,,,,,
device__txn_cnt__sum__w1h,1,A_base,L0,Device fingerprint ID,device,device,Transaction count,velocity,sum,1 hour,time,unconditioned,raw value,realtime,LOW,5,weeks-months,,candidate,,,,,
device__txn_cnt__sum__w30d,1,A_base,L0,Device fingerprint ID,device,device,Transaction count,velocity,sum,30 days,time,unconditioned,raw value,realtime,LOW,30,weeks-months,,candidate,,,,,
email_canon__cb_fraud_rate__rate__w30d,1,A_base,L0,Email canonicalized (dots/plus stripped),email_canon,email,CB rate,outcome,rate (num/denom),30 days,time,unconditioned,raw value,streaming aggregate (sketch-backed),HIGH - point-in-time on label_arrival_ts + out-of-fold encoding required,200,days-weeks,,candidate,,,,,
email_canon__cb_nonfr_rate__rate__w30d,1,A_base,L0,Email canonicalized (dots/plus stripped),email_canon,email,CB rate,outcome,rate (num/denom),30 days,time,unconditioned,raw value,streaming aggregate (sketch-backed),HIGH - point-in-time on label_arrival_ts + out-of-fold encoding required,200,days-weeks,,candidate,,,,,
email_canon__champ_score__cnt__w30d,1,A_base,L0,Email canonicalized (dots/plus stripped),email_canon,email,Champion model score,score,count,30 days,time,unconditioned,raw value,realtime,MED - encodes current policy; re-baseline on threshold change,100,days-weeks,,candidate,,,,,
email_canon__champ_score__mean__w30d,1,A_base,L0,Email canonicalized (dots/plus stripped),email_canon,email,Champion model score,score,mean,30 days,time,unconditioned,raw value,realtime,MED - encodes current policy; re-baseline on threshold change,100,days-weeks,,candidate,,,,,
email_canon__cb_amt__cnt__w30d,1,A_base,L0,Email canonicalized (dots/plus stripped),email_canon,email,Chargeback dollars,outcome,count,30 days,time,unconditioned,raw value,streaming aggregate (sketch-backed),HIGH - point-in-time on label_arrival_ts + out-of-fold encoding required,200,days-weeks,,candidate,,,,,
email_canon__cb_amt__sum__w30d,1,A_base,L0,Email canonicalized (dots/plus stripped),email_canon,email,Chargeback dollars,outcome,sum,30 days,time,unconditioned,raw value,streaming aggregate (sketch-backed),HIGH - point-in-time on label_arrival_ts + out-of-fold encoding required,200,days-weeks,,candidate,,,,,
email_canon__cb_amt__mean__w30d,1,A_base,L0,Email canonicalized (dots/plus stripped),email_canon,email,Chargeback dollars,outcome,mean,30 days,time,unconditioned,raw value,streaming aggregate (sketch-backed),HIGH - point-in-time on label_arrival_ts + out-of-fold encoding required,200,days-weeks,,candidate,,,,,
email_canon__cb_rate__rate__w30d,1,A_base,L0,Email canonicalized (dots/plus stripped),email_canon,email,Chargeback rate,outcome,rate (num/denom),30 days,time,unconditioned,raw value,streaming aggregate (sketch-backed),HIGH - point-in-time on label_arrival_ts + out-of-fold encoding required,200,days-weeks,,candidate,,,,,
email_canon__den_rate__rate__w30d,1,A_base,L0,Email canonicalized (dots/plus stripped),email_canon,email,DEN rate (downstream rules),outcome,rate (num/denom),30 days,time,unconditioned,raw value,streaming aggregate (sketch-backed),MED - encodes current policy; re-baseline on threshold change,100,days-weeks,,candidate,,,,,
email_canon__d_bin8__dcnt__w1h,1,A_base,L0,Email canonicalized (dots/plus stripped),email_canon,email,Distinct BINs tried,velocity,distinct count,1 hour,time,unconditioned,raw value,realtime,LOW,5,days-weeks,,candidate,,,,,
email_canon__d_bin8__dcnt__w30d,1,A_base,L0,Email canonicalized (dots/plus stripped),email_canon,email,Distinct BINs tried,velocity,distinct count,30 days,time,unconditioned,raw value,realtime,LOW,100,days-weeks,,candidate,,,,,
email_canon__d_pan__dcnt__w1h,1,A_base,L0,Email canonicalized (dots/plus stripped),email_canon,email,Distinct cards,velocity,distinct count,1 hour,time,unconditioned,raw value,realtime,LOW,5,days-weeks,,candidate,,,,,
email_canon__d_pan__dcnt__w30d,1,A_base,L0,Email canonicalized (dots/plus stripped),email_canon,email,Distinct cards,velocity,distinct count,30 days,time,unconditioned,raw value,realtime,LOW,100,days-weeks,,candidate,,,,,
email_canon__d_cust__dcnt__w1h,1,A_base,L0,Email canonicalized (dots/plus stripped),email_canon,email,Distinct customers,velocity,distinct count,1 hour,time,unconditioned,raw value,realtime,LOW,5,days-weeks,,candidate,,,,,
email_canon__d_cust__dcnt__w30d,1,A_base,L0,Email canonicalized (dots/plus stripped),email_canon,email,Distinct customers,velocity,distinct count,30 days,time,unconditioned,raw value,realtime,LOW,100,days-weeks,,candidate,,,,,
email_canon__d_device__dcnt__w1h,1,A_base,L0,Email canonicalized (dots/plus stripped),email_canon,email,Distinct devices,velocity,distinct count,1 hour,time,unconditioned,raw value,realtime,LOW,5,days-weeks,,candidate,,,,,
email_canon__d_device__dcnt__w30d,1,A_base,L0,Email canonicalized (dots/plus stripped),email_canon,email,Distinct devices,velocity,distinct count,30 days,time,unconditioned,raw value,realtime,LOW,100,days-weeks,,candidate,,,,,
email_canon__d_email__dcnt__w1h,1,A_base,L0,Email canonicalized (dots/plus stripped),email_canon,email,Distinct emails,velocity,distinct count,1 hour,time,unconditioned,raw value,realtime,LOW,5,days-weeks,,candidate,,,,,
email_canon__d_email__dcnt__w30d,1,A_base,L0,Email canonicalized (dots/plus stripped),email_canon,email,Distinct emails,velocity,distinct count,30 days,time,unconditioned,raw value,realtime,LOW,100,days-weeks,,candidate,,,,,
email_canon__d_receiver__dcnt__w1h,1,A_base,L0,Email canonicalized (dots/plus stripped),email_canon,email,Distinct receivers (fan-out),velocity,distinct count,1 hour,time,unconditioned,raw value,realtime,LOW,5,days-weeks,,candidate,,,,,
email_canon__d_receiver__dcnt__w30d,1,A_base,L0,Email canonicalized (dots/plus stripped),email_canon,email,Distinct receivers (fan-out),velocity,distinct count,30 days,time,unconditioned,raw value,realtime,LOW,100,days-weeks,,candidate,,,,,
email_canon__d_sender__dcnt__w1h,1,A_base,L0,Email canonicalized (dots/plus stripped),email_canon,email,Distinct senders (fan-in),velocity,distinct count,1 hour,time,unconditioned,raw value,realtime,LOW,5,days-weeks,,candidate,,,,,
email_canon__d_sender__dcnt__w30d,1,A_base,L0,Email canonicalized (dots/plus stripped),email_canon,email,Distinct senders (fan-in),velocity,distinct count,30 days,time,unconditioned,raw value,realtime,LOW,100,days-weeks,,candidate,,,,,
email_canon__err_lost_stln__rate__w30d,1,A_base,L0,Email canonicalized (dots/plus stripped),email_canon,email,ERR rate,outcome,rate (num/denom),30 days,time,unconditioned,raw value,streaming aggregate (sketch-backed),LOW,100,days-weeks,,candidate,,,,,
email_canon__err_rate__rate__w30d,1,A_base,L0,Email canonicalized (dots/plus stripped),email_canon,email,ERR rate (issuer decline),outcome,rate (num/denom),30 days,time,unconditioned,raw value,streaming aggregate (sketch-backed),MED - encodes current policy; re-baseline on threshold change,100,days-weeks,,candidate,,,,,
email_canon__fail_then_ok__cnt__w1h,1,A_base,L0,Email canonicalized (dots/plus stripped),email_canon,email,Failed-auth-then-success cnt,behavior,count,1 hour,time,unconditioned,raw value,realtime,LOW,5,days-weeks,,candidate,,,,,
email_canon__fail_then_ok__sum__w1h,1,A_base,L0,Email canonicalized (dots/plus stripped),email_canon,email,Failed-auth-then-success cnt,behavior,sum,1 hour,time,unconditioned,raw value,realtime,LOW,5,days-weeks,,candidate,,,,,
email_canon__interarrival__cnt__w1h,1,A_base,L0,Email canonicalized (dots/plus stripped),email_canon,email,Inter-arrival seconds,behavior,count,1 hour,time,unconditioned,raw value,realtime,LOW,5,days-weeks,,candidate,,,,,
email_canon__interarrival__mean__w1h,1,A_base,L0,Email canonicalized (dots/plus stripped),email_canon,email,Inter-arrival seconds,behavior,mean,1 hour,time,unconditioned,raw value,realtime,LOW,5,days-weeks,,candidate,,,,,
email_canon__block_rate__rate__w30d,1,A_base,L0,Email canonicalized (dots/plus stripped),email_canon,email,Model block rate (policy),outcome,rate (num/denom),30 days,time,unconditioned,raw value,streaming aggregate (sketch-backed),MED - encodes current policy; re-baseline on threshold change,100,days-weeks,,candidate,,,,,
email_canon__amt_repeat__rate__w1h,1,A_base,L0,Email canonicalized (dots/plus stripped),email_canon,email,Repeat-identical-amount rate,behavior,rate (num/denom),1 hour,time,unconditioned,raw value,realtime,LOW,5,days-weeks,,candidate,,,,,
email_canon__amt_escalate__cnt__w1h,1,A_base,L0,Email canonicalized (dots/plus stripped),email_canon,email,Small-then-large sequence cnt,behavior,count,1 hour,time,unconditioned,raw value,realtime,LOW,5,days-weeks,,candidate,,,,,
email_canon__amt_escalate__sum__w1h,1,A_base,L0,Email canonicalized (dots/plus stripped),email_canon,email,Small-then-large sequence cnt,behavior,sum,1 hour,time,unconditioned,raw value,realtime,LOW,5,days-weeks,,candidate,,,,,
email_canon__tc40_rate__rate__w30d,1,A_base,L0,Email canonicalized (dots/plus stripped),email_canon,email,TC40/SAFE alert rate,outcome,rate (num/denom),30 days,time,unconditioned,raw value,streaming aggregate (sketch-backed),HIGH - point-in-time on label_arrival_ts + out-of-fold encoding required,200,days-weeks,,candidate,,,,,
email_canon__amt__cnt__w1h,1,A_base,L0,Email canonicalized (dots/plus stripped),email_canon,email,Transaction amount,velocity,count,1 hour,time,unconditioned,raw value,realtime,LOW,5,days-weeks,,candidate,,,,,
email_canon__amt__cnt__w30d,1,A_base,L0,Email canonicalized (dots/plus stripped),email_canon,email,Transaction amount,velocity,count,30 days,time,unconditioned,raw value,realtime,LOW,100,days-weeks,,candidate,,,,,
email_canon__amt__sum__w1h,1,A_base,L0,Email canonicalized (dots/plus stripped),email_canon,email,Transaction amount,velocity,sum,1 hour,time,unconditioned,raw value,realtime,LOW,5,days-weeks,,candidate,,,,,
email_canon__amt__sum__w30d,1,A_base,L0,Email canonicalized (dots/plus stripped),email_canon,email,Transaction amount,velocity,sum,30 days,time,unconditioned,raw value,realtime,LOW,100,days-weeks,,candidate,,,,,
email_canon__amt__mean__w1h,1,A_base,L0,Email canonicalized (dots/plus stripped),email_canon,email,Transaction amount,velocity,mean,1 hour,time,unconditioned,raw value,realtime,LOW,5,days-weeks,,candidate,,,,,
email_canon__amt__mean__w30d,1,A_base,L0,Email canonicalized (dots/plus stripped),email_canon,email,Transaction amount,velocity,mean,30 days,time,unconditioned,raw value,realtime,LOW,100,days-weeks,,candidate,,,,,
email_canon__txn_cnt__cnt__w1h,1,A_base,L0,Email canonicalized (dots/plus stripped),email_canon,email,Transaction count,velocity,count,1 hour,time,unconditioned,raw value,realtime,LOW,5,days-weeks,,candidate,,,,,
email_canon__txn_cnt__cnt__w30d,1,A_base,L0,Email canonicalized (dots/plus stripped),email_canon,email,Transaction count,velocity,count,30 days,time,unconditioned,raw value,realtime,LOW,100,days-weeks,,candidate,,,,,
email_canon__txn_cnt__sum__w1h,1,A_base,L0,Email canonicalized (dots/plus stripped),email_canon,email,Transaction count,velocity,sum,1 hour,time,unconditioned,raw value,realtime,LOW,5,days-weeks,,candidate,,,,,
email_canon__txn_cnt__sum__w30d,1,A_base,L0,Email canonicalized (dots/plus stripped),email_canon,email,Transaction count,velocity,sum,30 days,time,unconditioned,raw value,realtime,LOW,100,days-weeks,,candidate,,,,,
email_dom__cb_fraud_rate__rate__w30d,1,A_base,L0,Email domain,email_dom,email,CB rate,outcome,rate (num/denom),30 days,time,unconditioned,raw value,streaming aggregate (sketch-backed),HIGH - point-in-time on label_arrival_ts + out-of-fold encoding required,200,days-weeks,,candidate,,,,,
email_dom__cb_nonfr_rate__rate__w30d,1,A_base,L0,Email domain,email_dom,email,CB rate,outcome,rate (num/denom),30 days,time,unconditioned,raw value,streaming aggregate (sketch-backed),HIGH - point-in-time on label_arrival_ts + out-of-fold encoding required,200,days-weeks,,candidate,,,,,
email_dom__champ_score__cnt__w30d,1,A_base,L0,Email domain,email_dom,email,Champion model score,score,count,30 days,time,unconditioned,raw value,realtime,MED - encodes current policy; re-baseline on threshold change,100,days-weeks,,candidate,,,,,
email_dom__champ_score__mean__w30d,1,A_base,L0,Email domain,email_dom,email,Champion model score,score,mean,30 days,time,unconditioned,raw value,realtime,MED - encodes current policy; re-baseline on threshold change,100,days-weeks,,candidate,,,,,
email_dom__cb_amt__cnt__w30d,1,A_base,L0,Email domain,email_dom,email,Chargeback dollars,outcome,count,30 days,time,unconditioned,raw value,streaming aggregate (sketch-backed),HIGH - point-in-time on label_arrival_ts + out-of-fold encoding required,200,days-weeks,,candidate,,,,,
email_dom__cb_amt__sum__w30d,1,A_base,L0,Email domain,email_dom,email,Chargeback dollars,outcome,sum,30 days,time,unconditioned,raw value,streaming aggregate (sketch-backed),HIGH - point-in-time on label_arrival_ts + out-of-fold encoding required,200,days-weeks,,candidate,,,,,
email_dom__cb_amt__mean__w30d,1,A_base,L0,Email domain,email_dom,email,Chargeback dollars,outcome,mean,30 days,time,unconditioned,raw value,streaming aggregate (sketch-backed),HIGH - point-in-time on label_arrival_ts + out-of-fold encoding required,200,days-weeks,,candidate,,,,,
email_dom__cb_rate__rate__w30d,1,A_base,L0,Email domain,email_dom,email,Chargeback rate,outcome,rate (num/denom),30 days,time,unconditioned,raw value,streaming aggregate (sketch-backed),HIGH - point-in-time on label_arrival_ts + out-of-fold encoding required,200,days-weeks,,candidate,,,,,
email_dom__den_rate__rate__w30d,1,A_base,L0,Email domain,email_dom,email,DEN rate (downstream rules),outcome,rate (num/denom),30 days,time,unconditioned,raw value,streaming aggregate (sketch-backed),MED - encodes current policy; re-baseline on threshold change,100,days-weeks,,candidate,,,,,
email_dom__d_bin8__dcnt__w1h,1,A_base,L0,Email domain,email_dom,email,Distinct BINs tried,velocity,distinct count,1 hour,time,unconditioned,raw value,realtime,LOW,5,days-weeks,,candidate,,,,,
email_dom__d_bin8__dcnt__w30d,1,A_base,L0,Email domain,email_dom,email,Distinct BINs tried,velocity,distinct count,30 days,time,unconditioned,raw value,realtime,LOW,100,days-weeks,,candidate,,,,,
email_dom__d_pan__dcnt__w1h,1,A_base,L0,Email domain,email_dom,email,Distinct cards,velocity,distinct count,1 hour,time,unconditioned,raw value,realtime,LOW,5,days-weeks,,candidate,,,,,
email_dom__d_pan__dcnt__w30d,1,A_base,L0,Email domain,email_dom,email,Distinct cards,velocity,distinct count,30 days,time,unconditioned,raw value,realtime,LOW,100,days-weeks,,candidate,,,,,
email_dom__d_cust__dcnt__w1h,1,A_base,L0,Email domain,email_dom,email,Distinct customers,velocity,distinct count,1 hour,time,unconditioned,raw value,realtime,LOW,5,days-weeks,,candidate,,,,,
email_dom__d_cust__dcnt__w30d,1,A_base,L0,Email domain,email_dom,email,Distinct customers,velocity,distinct count,30 days,time,unconditioned,raw value,realtime,LOW,100,days-weeks,,candidate,,,,,
email_dom__d_device__dcnt__w1h,1,A_base,L0,Email domain,email_dom,email,Distinct devices,velocity,distinct count,1 hour,time,unconditioned,raw value,realtime,LOW,5,days-weeks,,candidate,,,,,
email_dom__d_device__dcnt__w30d,1,A_base,L0,Email domain,email_dom,email,Distinct devices,velocity,distinct count,30 days,time,unconditioned,raw value,realtime,LOW,100,days-weeks,,candidate,,,,,
email_dom__d_email__dcnt__w1h,1,A_base,L0,Email domain,email_dom,email,Distinct emails,velocity,distinct count,1 hour,time,unconditioned,raw value,realtime,LOW,5,days-weeks,,candidate,,,,,
email_dom__d_email__dcnt__w30d,1,A_base,L0,Email domain,email_dom,email,Distinct emails,velocity,distinct count,30 days,time,unconditioned,raw value,realtime,LOW,100,days-weeks,,candidate,,,,,
email_dom__d_receiver__dcnt__w1h,1,A_base,L0,Email domain,email_dom,email,Distinct receivers (fan-out),velocity,distinct count,1 hour,time,unconditioned,raw value,realtime,LOW,5,days-weeks,,candidate,,,,,
email_dom__d_receiver__dcnt__w30d,1,A_base,L0,Email domain,email_dom,email,Distinct receivers (fan-out),velocity,distinct count,30 days,time,unconditioned,raw value,realtime,LOW,100,days-weeks,,candidate,,,,,
email_dom__d_sender__dcnt__w1h,1,A_base,L0,Email domain,email_dom,email,Distinct senders (fan-in),velocity,distinct count,1 hour,time,unconditioned,raw value,realtime,LOW,5,days-weeks,,candidate,,,,,
email_dom__d_sender__dcnt__w30d,1,A_base,L0,Email domain,email_dom,email,Distinct senders (fan-in),velocity,distinct count,30 days,time,unconditioned,raw value,realtime,LOW,100,days-weeks,,candidate,,,,,
email_dom__err_lost_stln__rate__w30d,1,A_base,L0,Email domain,email_dom,email,ERR rate,outcome,rate (num/denom),30 days,time,unconditioned,raw value,streaming aggregate (sketch-backed),LOW,100,days-weeks,,candidate,,,,,
email_dom__err_rate__rate__w30d,1,A_base,L0,Email domain,email_dom,email,ERR rate (issuer decline),outcome,rate (num/denom),30 days,time,unconditioned,raw value,streaming aggregate (sketch-backed),MED - encodes current policy; re-baseline on threshold change,100,days-weeks,,candidate,,,,,
email_dom__fail_then_ok__cnt__w1h,1,A_base,L0,Email domain,email_dom,email,Failed-auth-then-success cnt,behavior,count,1 hour,time,unconditioned,raw value,realtime,LOW,5,days-weeks,,candidate,,,,,
email_dom__fail_then_ok__sum__w1h,1,A_base,L0,Email domain,email_dom,email,Failed-auth-then-success cnt,behavior,sum,1 hour,time,unconditioned,raw value,realtime,LOW,5,days-weeks,,candidate,,,,,
email_dom__interarrival__cnt__w1h,1,A_base,L0,Email domain,email_dom,email,Inter-arrival seconds,behavior,count,1 hour,time,unconditioned,raw value,realtime,LOW,5,days-weeks,,candidate,,,,,
email_dom__interarrival__mean__w1h,1,A_base,L0,Email domain,email_dom,email,Inter-arrival seconds,behavior,mean,1 hour,time,unconditioned,raw value,realtime,LOW,5,days-weeks,,candidate,,,,,
email_dom__block_rate__rate__w30d,1,A_base,L0,Email domain,email_dom,email,Model block rate (policy),outcome,rate (num/denom),30 days,time,unconditioned,raw value,streaming aggregate (sketch-backed),MED - encodes current policy; re-baseline on threshold change,100,days-weeks,,candidate,,,,,
email_dom__amt_repeat__rate__w1h,1,A_base,L0,Email domain,email_dom,email,Repeat-identical-amount rate,behavior,rate (num/denom),1 hour,time,unconditioned,raw value,realtime,LOW,5,days-weeks,,candidate,,,,,
email_dom__amt_escalate__cnt__w1h,1,A_base,L0,Email domain,email_dom,email,Small-then-large sequence cnt,behavior,count,1 hour,time,unconditioned,raw value,realtime,LOW,5,days-weeks,,candidate,,,,,
email_dom__amt_escalate__sum__w1h,1,A_base,L0,Email domain,email_dom,email,Small-then-large sequence cnt,behavior,sum,1 hour,time,unconditioned,raw value,realtime,LOW,5,days-weeks,,candidate,,,,,
email_dom__tc40_rate__rate__w30d,1,A_base,L0,Email domain,email_dom,email,TC40/SAFE alert rate,outcome,rate (num/denom),30 days,time,unconditioned,raw value,streaming aggregate (sketch-backed),HIGH - point-in-time on label_arrival_ts + out-of-fold encoding required,200,days-weeks,,candidate,,,,,
email_dom__amt__cnt__w1h,1,A_base,L0,Email domain,email_dom,email,Transaction amount,velocity,count,1 hour,time,unconditioned,raw value,realtime,LOW,5,days-weeks,,candidate,,,,,
email_dom__amt__cnt__w30d,1,A_base,L0,Email domain,email_dom,email,Transaction amount,velocity,count,30 days,time,unconditioned,raw value,realtime,LOW,100,days-weeks,,candidate,,,,,
email_dom__amt__sum__w1h,1,A_base,L0,Email domain,email_dom,email,Transaction amount,velocity,sum,1 hour,time,unconditioned,raw value,realtime,LOW,5,days-weeks,,candidate,,,,,
email_dom__amt__sum__w30d,1,A_base,L0,Email domain,email_dom,email,Transaction amount,velocity,sum,30 days,time,unconditioned,raw value,realtime,LOW,100,days-weeks,,candidate,,,,,
email_dom__amt__mean__w1h,1,A_base,L0,Email domain,email_dom,email,Transaction amount,velocity,mean,1 hour,time,unconditioned,raw value,realtime,LOW,5,days-weeks,,candidate,,,,,
email_dom__amt__mean__w30d,1,A_base,L0,Email domain,email_dom,email,Transaction amount,velocity,mean,30 days,time,unconditioned,raw value,realtime,LOW,100,days-weeks,,candidate,,,,,
email_dom__txn_cnt__cnt__w1h,1,A_base,L0,Email domain,email_dom,email,Transaction count,velocity,count,1 hour,time,unconditioned,raw value,realtime,LOW,5,days-weeks,,candidate,,,,,
email_dom__txn_cnt__cnt__w30d,1,A_base,L0,Email domain,email_dom,email,Transaction count,velocity,count,30 days,time,unconditioned,raw value,realtime,LOW,100,days-weeks,,candidate,,,,,
email_dom__txn_cnt__sum__w1h,1,A_base,L0,Email domain,email_dom,email,Transaction count,velocity,sum,1 hour,time,unconditioned,raw value,realtime,LOW,5,days-weeks,,candidate,,,,,
email_dom__txn_cnt__sum__w30d,1,A_base,L0,Email domain,email_dom,email,Transaction count,velocity,sum,30 days,time,unconditioned,raw value,realtime,LOW,100,days-weeks,,candidate,,,,,
addr_bill__cb_fraud_rate__rate__w30d,1,A_base,L0,Normalized billing address,addr_bill,geo,CB rate,outcome,rate (num/denom),30 days,time,unconditioned,raw value,streaming aggregate (sketch-backed),HIGH - point-in-time on label_arrival_ts + out-of-fold encoding required,200,weeks-months,,candidate,,,,,
addr_bill__cb_nonfr_rate__rate__w30d,1,A_base,L0,Normalized billing address,addr_bill,geo,CB rate,outcome,rate (num/denom),30 days,time,unconditioned,raw value,streaming aggregate (sketch-backed),HIGH - point-in-time on label_arrival_ts + out-of-fold encoding required,200,weeks-months,,candidate,,,,,
addr_bill__champ_score__cnt__w30d,1,A_base,L0,Normalized billing address,addr_bill,geo,Champion model score,score,count,30 days,time,unconditioned,raw value,realtime,MED - encodes current policy; re-baseline on threshold change,30,weeks-months,,candidate,,,,,
addr_bill__champ_score__mean__w30d,1,A_base,L0,Normalized billing address,addr_bill,geo,Champion model score,score,mean,30 days,time,unconditioned,raw value,realtime,MED - encodes current policy; re-baseline on threshold change,30,weeks-months,,candidate,,,,,
addr_bill__cb_amt__cnt__w30d,1,A_base,L0,Normalized billing address,addr_bill,geo,Chargeback dollars,outcome,count,30 days,time,unconditioned,raw value,streaming aggregate (sketch-backed),HIGH - point-in-time on label_arrival_ts + out-of-fold encoding required,200,weeks-months,,candidate,,,,,
addr_bill__cb_amt__sum__w30d,1,A_base,L0,Normalized billing address,addr_bill,geo,Chargeback dollars,outcome,sum,30 days,time,unconditioned,raw value,streaming aggregate (sketch-backed),HIGH - point-in-time on label_arrival_ts + out-of-fold encoding required,200,weeks-months,,candidate,,,,,
addr_bill__cb_amt__mean__w30d,1,A_base,L0,Normalized billing address,addr_bill,geo,Chargeback dollars,outcome,mean,30 days,time,unconditioned,raw value,streaming aggregate (sketch-backed),HIGH - point-in-time on label_arrival_ts + out-of-fold encoding required,200,weeks-months,,candidate,,,,,
addr_bill__cb_rate__rate__w30d,1,A_base,L0,Normalized billing address,addr_bill,geo,Chargeback rate,outcome,rate (num/denom),30 days,time,unconditioned,raw value,streaming aggregate (sketch-backed),HIGH - point-in-time on label_arrival_ts + out-of-fold encoding required,200,weeks-months,,candidate,,,,,
addr_bill__den_rate__rate__w30d,1,A_base,L0,Normalized billing address,addr_bill,geo,DEN rate (downstream rules),outcome,rate (num/denom),30 days,time,unconditioned,raw value,streaming aggregate (sketch-backed),MED - encodes current policy; re-baseline on threshold change,50,weeks-months,,candidate,,,,,
addr_bill__d_bin8__dcnt__w1h,1,A_base,L0,Normalized billing address,addr_bill,geo,Distinct BINs tried,velocity,distinct count,1 hour,time,unconditioned,raw value,realtime,LOW,5,weeks-months,,candidate,,,,,
addr_bill__d_bin8__dcnt__w30d,1,A_base,L0,Normalized billing address,addr_bill,geo,Distinct BINs tried,velocity,distinct count,30 days,time,unconditioned,raw value,realtime,LOW,30,weeks-months,,candidate,,,,,
addr_bill__d_pan__dcnt__w1h,1,A_base,L0,Normalized billing address,addr_bill,geo,Distinct cards,velocity,distinct count,1 hour,time,unconditioned,raw value,realtime,LOW,5,weeks-months,,candidate,,,,,
addr_bill__d_pan__dcnt__w30d,1,A_base,L0,Normalized billing address,addr_bill,geo,Distinct cards,velocity,distinct count,30 days,time,unconditioned,raw value,realtime,LOW,30,weeks-months,,candidate,,,,,
addr_bill__d_cust__dcnt__w1h,1,A_base,L0,Normalized billing address,addr_bill,geo,Distinct customers,velocity,distinct count,1 hour,time,unconditioned,raw value,realtime,LOW,5,weeks-months,,candidate,,,,,
addr_bill__d_cust__dcnt__w30d,1,A_base,L0,Normalized billing address,addr_bill,geo,Distinct customers,velocity,distinct count,30 days,time,unconditioned,raw value,realtime,LOW,30,weeks-months,,candidate,,,,,
addr_bill__d_device__dcnt__w1h,1,A_base,L0,Normalized billing address,addr_bill,geo,Distinct devices,velocity,distinct count,1 hour,time,unconditioned,raw value,realtime,LOW,5,weeks-months,,candidate,,,,,
addr_bill__d_device__dcnt__w30d,1,A_base,L0,Normalized billing address,addr_bill,geo,Distinct devices,velocity,distinct count,30 days,time,unconditioned,raw value,realtime,LOW,30,weeks-months,,candidate,,,,,
addr_bill__d_email__dcnt__w1h,1,A_base,L0,Normalized billing address,addr_bill,geo,Distinct emails,velocity,distinct count,1 hour,time,unconditioned,raw value,realtime,LOW,5,weeks-months,,candidate,,,,,
addr_bill__d_email__dcnt__w30d,1,A_base,L0,Normalized billing address,addr_bill,geo,Distinct emails,velocity,distinct count,30 days,time,unconditioned,raw value,realtime,LOW,30,weeks-months,,candidate,,,,,
addr_bill__d_receiver__dcnt__w1h,1,A_base,L0,Normalized billing address,addr_bill,geo,Distinct receivers (fan-out),velocity,distinct count,1 hour,time,unconditioned,raw value,realtime,LOW,5,weeks-months,,candidate,,,,,
addr_bill__d_receiver__dcnt__w30d,1,A_base,L0,Normalized billing address,addr_bill,geo,Distinct receivers (fan-out),velocity,distinct count,30 days,time,unconditioned,raw value,realtime,LOW,30,weeks-months,,candidate,,,,,
addr_bill__d_sender__dcnt__w1h,1,A_base,L0,Normalized billing address,addr_bill,geo,Distinct senders (fan-in),velocity,distinct count,1 hour,time,unconditioned,raw value,realtime,LOW,5,weeks-months,,candidate,,,,,
addr_bill__d_sender__dcnt__w30d,1,A_base,L0,Normalized billing address,addr_bill,geo,Distinct senders (fan-in),velocity,distinct count,30 days,time,unconditioned,raw value,realtime,LOW,30,weeks-months,,candidate,,,,,
addr_bill__err_lost_stln__rate__w30d,1,A_base,L0,Normalized billing address,addr_bill,geo,ERR rate,outcome,rate (num/denom),30 days,time,unconditioned,raw value,streaming aggregate (sketch-backed),LOW,50,weeks-months,,candidate,,,,,
addr_bill__err_rate__rate__w30d,1,A_base,L0,Normalized billing address,addr_bill,geo,ERR rate (issuer decline),outcome,rate (num/denom),30 days,time,unconditioned,raw value,streaming aggregate (sketch-backed),MED - encodes current policy; re-baseline on threshold change,50,weeks-months,,candidate,,,,,
addr_bill__fail_then_ok__cnt__w1h,1,A_base,L0,Normalized billing address,addr_bill,geo,Failed-auth-then-success cnt,behavior,count,1 hour,time,unconditioned,raw value,realtime,LOW,5,weeks-months,,candidate,,,,,
addr_bill__fail_then_ok__sum__w1h,1,A_base,L0,Normalized billing address,addr_bill,geo,Failed-auth-then-success cnt,behavior,sum,1 hour,time,unconditioned,raw value,realtime,LOW,5,weeks-months,,candidate,,,,,
addr_bill__interarrival__cnt__w1h,1,A_base,L0,Normalized billing address,addr_bill,geo,Inter-arrival seconds,behavior,count,1 hour,time,unconditioned,raw value,realtime,LOW,5,weeks-months,,candidate,,,,,
addr_bill__interarrival__mean__w1h,1,A_base,L0,Normalized billing address,addr_bill,geo,Inter-arrival seconds,behavior,mean,1 hour,time,unconditioned,raw value,realtime,LOW,5,weeks-months,,candidate,,,,,
addr_bill__block_rate__rate__w30d,1,A_base,L0,Normalized billing address,addr_bill,geo,Model block rate (policy),outcome,rate (num/denom),30 days,time,unconditioned,raw value,streaming aggregate (sketch-backed),MED - encodes current policy; re-baseline on threshold change,50,weeks-months,,candidate,,,,,
addr_bill__amt_repeat__rate__w1h,1,A_base,L0,Normalized billing address,addr_bill,geo,Repeat-identical-amount rate,behavior,rate (num/denom),1 hour,time,unconditioned,raw value,realtime,LOW,5,weeks-months,,candidate,,,,,
addr_bill__amt_escalate__cnt__w1h,1,A_base,L0,Normalized billing address,addr_bill,geo,Small-then-large sequence cnt,behavior,count,1 hour,time,unconditioned,raw value,realtime,LOW,5,weeks-months,,candidate,,,,,
addr_bill__amt_escalate__sum__w1h,1,A_base,L0,Normalized billing address,addr_bill,geo,Small-then-large sequence cnt,behavior,sum,1 hour,time,unconditioned,raw value,realtime,LOW,5,weeks-months,,candidate,,,,,
addr_bill__tc40_rate__rate__w30d,1,A_base,L0,Normalized billing address,addr_bill,geo,TC40/SAFE alert rate,outcome,rate (num/denom),30 days,time,unconditioned,raw value,streaming aggregate (sketch-backed),HIGH - point-in-time on label_arrival_ts + out-of-fold encoding required,200,weeks-months,,candidate,,,,,
addr_bill__amt__cnt__w1h,1,A_base,L0,Normalized billing address,addr_bill,geo,Transaction amount,velocity,count,1 hour,time,unconditioned,raw value,realtime,LOW,5,weeks-months,,candidate,,,,,
addr_bill__amt__cnt__w30d,1,A_base,L0,Normalized billing address,addr_bill,geo,Transaction amount,velocity,count,30 days,time,unconditioned,raw value,realtime,LOW,30,weeks-months,,candidate,,,,,
addr_bill__amt__sum__w1h,1,A_base,L0,Normalized billing address,addr_bill,geo,Transaction amount,velocity,sum,1 hour,time,unconditioned,raw value,realtime,LOW,5,weeks-months,,candidate,,,,,
addr_bill__amt__sum__w30d,1,A_base,L0,Normalized billing address,addr_bill,geo,Transaction amount,velocity,sum,30 days,time,unconditioned,raw value,realtime,LOW,30,weeks-months,,candidate,,,,,
addr_bill__amt__mean__w1h,1,A_base,L0,Normalized billing address,addr_bill,geo,Transaction amount,velocity,mean,1 hour,time,unconditioned,raw value,realtime,LOW,5,weeks-months,,candidate,,,,,
addr_bill__amt__mean__w30d,1,A_base,L0,Normalized billing address,addr_bill,geo,Transaction amount,velocity,mean,30 days,time,unconditioned,raw value,realtime,LOW,30,weeks-months,,candidate,,,,,
addr_bill__txn_cnt__cnt__w1h,1,A_base,L0,Normalized billing address,addr_bill,geo,Transaction count,velocity,count,1 hour,time,unconditioned,raw value,realtime,LOW,5,weeks-months,,candidate,,,,,
addr_bill__txn_cnt__cnt__w30d,1,A_base,L0,Normalized billing address,addr_bill,geo,Transaction count,velocity,count,30 days,time,unconditioned,raw value,realtime,LOW,30,weeks-months,,candidate,,,,,
addr_bill__txn_cnt__sum__w1h,1,A_base,L0,Normalized billing address,addr_bill,geo,Transaction count,velocity,sum,1 hour,time,unconditioned,raw value,realtime,LOW,5,weeks-months,,candidate,,,,,
addr_bill__txn_cnt__sum__w30d,1,A_base,L0,Normalized billing address,addr_bill,geo,Transaction count,velocity,sum,30 days,time,unconditioned,raw value,realtime,LOW,30,weeks-months,,candidate,,,,,
addr_ship__cb_fraud_rate__rate__w30d,1,A_base,L0,Normalized ship/payout addr,addr_ship,geo,CB rate,outcome,rate (num/denom),30 days,time,unconditioned,raw value,streaming aggregate (sketch-backed),HIGH - point-in-time on label_arrival_ts + out-of-fold encoding required,200,weeks-months,,candidate,,,,,
addr_ship__cb_nonfr_rate__rate__w30d,1,A_base,L0,Normalized ship/payout addr,addr_ship,geo,CB rate,outcome,rate (num/denom),30 days,time,unconditioned,raw value,streaming aggregate (sketch-backed),HIGH - point-in-time on label_arrival_ts + out-of-fold encoding required,200,weeks-months,,candidate,,,,,
addr_ship__champ_score__cnt__w30d,1,A_base,L0,Normalized ship/payout addr,addr_ship,geo,Champion model score,score,count,30 days,time,unconditioned,raw value,realtime,MED - encodes current policy; re-baseline on threshold change,30,weeks-months,,candidate,,,,,
addr_ship__champ_score__mean__w30d,1,A_base,L0,Normalized ship/payout addr,addr_ship,geo,Champion model score,score,mean,30 days,time,unconditioned,raw value,realtime,MED - encodes current policy; re-baseline on threshold change,30,weeks-months,,candidate,,,,,
addr_ship__cb_amt__cnt__w30d,1,A_base,L0,Normalized ship/payout addr,addr_ship,geo,Chargeback dollars,outcome,count,30 days,time,unconditioned,raw value,streaming aggregate (sketch-backed),HIGH - point-in-time on label_arrival_ts + out-of-fold encoding required,200,weeks-months,,candidate,,,,,
addr_ship__cb_amt__sum__w30d,1,A_base,L0,Normalized ship/payout addr,addr_ship,geo,Chargeback dollars,outcome,sum,30 days,time,unconditioned,raw value,streaming aggregate (sketch-backed),HIGH - point-in-time on label_arrival_ts + out-of-fold encoding required,200,weeks-months,,candidate,,,,,
addr_ship__cb_amt__mean__w30d,1,A_base,L0,Normalized ship/payout addr,addr_ship,geo,Chargeback dollars,outcome,mean,30 days,time,unconditioned,raw value,streaming aggregate (sketch-backed),HIGH - point-in-time on label_arrival_ts + out-of-fold encoding required,200,weeks-months,,candidate,,,,,
addr_ship__cb_rate__rate__w30d,1,A_base,L0,Normalized ship/payout addr,addr_ship,geo,Chargeback rate,outcome,rate (num/denom),30 days,time,unconditioned,raw value,streaming aggregate (sketch-backed),HIGH - point-in-time on label_arrival_ts + out-of-fold encoding required,200,weeks-months,,candidate,,,,,
addr_ship__den_rate__rate__w30d,1,A_base,L0,Normalized ship/payout addr,addr_ship,geo,DEN rate (downstream rules),outcome,rate (num/denom),30 days,time,unconditioned,raw value,streaming aggregate (sketch-backed),MED - encodes current policy; re-baseline on threshold change,50,weeks-months,,candidate,,,,,
addr_ship__d_bin8__dcnt__w1h,1,A_base,L0,Normalized ship/payout addr,addr_ship,geo,Distinct BINs tried,velocity,distinct count,1 hour,time,unconditioned,raw value,realtime,LOW,5,weeks-months,,candidate,,,,,
addr_ship__d_bin8__dcnt__w30d,1,A_base,L0,Normalized ship/payout addr,addr_ship,geo,Distinct BINs tried,velocity,distinct count,30 days,time,unconditioned,raw value,realtime,LOW,30,weeks-months,,candidate,,,,,
addr_ship__d_pan__dcnt__w1h,1,A_base,L0,Normalized ship/payout addr,addr_ship,geo,Distinct cards,velocity,distinct count,1 hour,time,unconditioned,raw value,realtime,LOW,5,weeks-months,,candidate,,,,,
addr_ship__d_pan__dcnt__w30d,1,A_base,L0,Normalized ship/payout addr,addr_ship,geo,Distinct cards,velocity,distinct count,30 days,time,unconditioned,raw value,realtime,LOW,30,weeks-months,,candidate,,,,,
addr_ship__d_cust__dcnt__w1h,1,A_base,L0,Normalized ship/payout addr,addr_ship,geo,Distinct customers,velocity,distinct count,1 hour,time,unconditioned,raw value,realtime,LOW,5,weeks-months,,candidate,,,,,
addr_ship__d_cust__dcnt__w30d,1,A_base,L0,Normalized ship/payout addr,addr_ship,geo,Distinct customers,velocity,distinct count,30 days,time,unconditioned,raw value,realtime,LOW,30,weeks-months,,candidate,,,,,
addr_ship__d_device__dcnt__w1h,1,A_base,L0,Normalized ship/payout addr,addr_ship,geo,Distinct devices,velocity,distinct count,1 hour,time,unconditioned,raw value,realtime,LOW,5,weeks-months,,candidate,,,,,
addr_ship__d_device__dcnt__w30d,1,A_base,L0,Normalized ship/payout addr,addr_ship,geo,Distinct devices,velocity,distinct count,30 days,time,unconditioned,raw value,realtime,LOW,30,weeks-months,,candidate,,,,,
addr_ship__d_email__dcnt__w1h,1,A_base,L0,Normalized ship/payout addr,addr_ship,geo,Distinct emails,velocity,distinct count,1 hour,time,unconditioned,raw value,realtime,LOW,5,weeks-months,,candidate,,,,,
addr_ship__d_email__dcnt__w30d,1,A_base,L0,Normalized ship/payout addr,addr_ship,geo,Distinct emails,velocity,distinct count,30 days,time,unconditioned,raw value,realtime,LOW,30,weeks-months,,candidate,,,,,
addr_ship__d_receiver__dcnt__w1h,1,A_base,L0,Normalized ship/payout addr,addr_ship,geo,Distinct receivers (fan-out),velocity,distinct count,1 hour,time,unconditioned,raw value,realtime,LOW,5,weeks-months,,candidate,,,,,
addr_ship__d_receiver__dcnt__w30d,1,A_base,L0,Normalized ship/payout addr,addr_ship,geo,Distinct receivers (fan-out),velocity,distinct count,30 days,time,unconditioned,raw value,realtime,LOW,30,weeks-months,,candidate,,,,,
addr_ship__d_sender__dcnt__w1h,1,A_base,L0,Normalized ship/payout addr,addr_ship,geo,Distinct senders (fan-in),velocity,distinct count,1 hour,time,unconditioned,raw value,realtime,LOW,5,weeks-months,,candidate,,,,,
addr_ship__d_sender__dcnt__w30d,1,A_base,L0,Normalized ship/payout addr,addr_ship,geo,Distinct senders (fan-in),velocity,distinct count,30 days,time,unconditioned,raw value,realtime,LOW,30,weeks-months,,candidate,,,,,
addr_ship__err_lost_stln__rate__w30d,1,A_base,L0,Normalized ship/payout addr,addr_ship,geo,ERR rate,outcome,rate (num/denom),30 days,time,unconditioned,raw value,streaming aggregate (sketch-backed),LOW,50,weeks-months,,candidate,,,,,
addr_ship__err_rate__rate__w30d,1,A_base,L0,Normalized ship/payout addr,addr_ship,geo,ERR rate (issuer decline),outcome,rate (num/denom),30 days,time,unconditioned,raw value,streaming aggregate (sketch-backed),MED - encodes current policy; re-baseline on threshold change,50,weeks-months,,candidate,,,,,
addr_ship__fail_then_ok__cnt__w1h,1,A_base,L0,Normalized ship/payout addr,addr_ship,geo,Failed-auth-then-success cnt,behavior,count,1 hour,time,unconditioned,raw value,realtime,LOW,5,weeks-months,,candidate,,,,,
addr_ship__fail_then_ok__sum__w1h,1,A_base,L0,Normalized ship/payout addr,addr_ship,geo,Failed-auth-then-success cnt,behavior,sum,1 hour,time,unconditioned,raw value,realtime,LOW,5,weeks-months,,candidate,,,,,
addr_ship__interarrival__cnt__w1h,1,A_base,L0,Normalized ship/payout addr,addr_ship,geo,Inter-arrival seconds,behavior,count,1 hour,time,unconditioned,raw value,realtime,LOW,5,weeks-months,,candidate,,,,,
addr_ship__interarrival__mean__w1h,1,A_base,L0,Normalized ship/payout addr,addr_ship,geo,Inter-arrival seconds,behavior,mean,1 hour,time,unconditioned,raw value,realtime,LOW,5,weeks-months,,candidate,,,,,
addr_ship__block_rate__rate__w30d,1,A_base,L0,Normalized ship/payout addr,addr_ship,geo,Model block rate (policy),outcome,rate (num/denom),30 days,time,unconditioned,raw value,streaming aggregate (sketch-backed),MED - encodes current policy; re-baseline on threshold change,50,weeks-months,,candidate,,,,,
addr_ship__amt_repeat__rate__w1h,1,A_base,L0,Normalized ship/payout addr,addr_ship,geo,Repeat-identical-amount rate,behavior,rate (num/denom),1 hour,time,unconditioned,raw value,realtime,LOW,5,weeks-months,,candidate,,,,,
addr_ship__amt_escalate__cnt__w1h,1,A_base,L0,Normalized ship/payout addr,addr_ship,geo,Small-then-large sequence cnt,behavior,count,1 hour,time,unconditioned,raw value,realtime,LOW,5,weeks-months,,candidate,,,,,
addr_ship__amt_escalate__sum__w1h,1,A_base,L0,Normalized ship/payout addr,addr_ship,geo,Small-then-large sequence cnt,behavior,sum,1 hour,time,unconditioned,raw value,realtime,LOW,5,weeks-months,,candidate,,,,,
addr_ship__tc40_rate__rate__w30d,1,A_base,L0,Normalized ship/payout addr,addr_ship,geo,TC40/SAFE alert rate,outcome,rate (num/denom),30 days,time,unconditioned,raw value,streaming aggregate (sketch-backed),HIGH - point-in-time on label_arrival_ts + out-of-fold encoding required,200,weeks-months,,candidate,,,,,
addr_ship__amt__cnt__w1h,1,A_base,L0,Normalized ship/payout addr,addr_ship,geo,Transaction amount,velocity,count,1 hour,time,unconditioned,raw value,realtime,LOW,5,weeks-months,,candidate,,,,,
addr_ship__amt__cnt__w30d,1,A_base,L0,Normalized ship/payout addr,addr_ship,geo,Transaction amount,velocity,count,30 days,time,unconditioned,raw value,realtime,LOW,30,weeks-months,,candidate,,,,,
addr_ship__amt__sum__w1h,1,A_base,L0,Normalized ship/payout addr,addr_ship,geo,Transaction amount,velocity,sum,1 hour,time,unconditioned,raw value,realtime,LOW,5,weeks-months,,candidate,,,,,
addr_ship__amt__sum__w30d,1,A_base,L0,Normalized ship/payout addr,addr_ship,geo,Transaction amount,velocity,sum,30 days,time,unconditioned,raw value,realtime,LOW,30,weeks-months,,candidate,,,,,
addr_ship__amt__mean__w1h,1,A_base,L0,Normalized ship/payout addr,addr_ship,geo,Transaction amount,velocity,mean,1 hour,time,unconditioned,raw value,realtime,LOW,5,weeks-months,,candidate,,,,,
addr_ship__amt__mean__w30d,1,A_base,L0,Normalized ship/payout addr,addr_ship,geo,Transaction amount,velocity,mean,30 days,time,unconditioned,raw value,realtime,LOW,30,weeks-months,,candidate,,,,,
addr_ship__txn_cnt__cnt__w1h,1,A_base,L0,Normalized ship/payout addr,addr_ship,geo,Transaction count,velocity,count,1 hour,time,unconditioned,raw value,realtime,LOW,5,weeks-months,,candidate,,,,,
addr_ship__txn_cnt__cnt__w30d,1,A_base,L0,Normalized ship/payout addr,addr_ship,geo,Transaction count,velocity,count,30 days,time,unconditioned,raw value,realtime,LOW,30,weeks-months,,candidate,,,,,
addr_ship__txn_cnt__sum__w1h,1,A_base,L0,Normalized ship/payout addr,addr_ship,geo,Transaction count,velocity,sum,1 hour,time,unconditioned,raw value,realtime,LOW,5,weeks-months,,candidate,,,,,
addr_ship__txn_cnt__sum__w30d,1,A_base,L0,Normalized ship/payout addr,addr_ship,geo,Transaction count,velocity,sum,30 days,time,unconditioned,raw value,realtime,LOW,30,weeks-months,,candidate,,,,,
comp2__cb_fraud_rate__rate__w30d,1,A_base,L0,Entity-graph component (2-hop),comp2,graph,CB rate,outcome,rate (num/denom),30 days,time,unconditioned,raw value,streaming aggregate (sketch-backed),HIGH - point-in-time on label_arrival_ts + out-of-fold encoding required,200,months-quarters,,candidate,,,,,
comp2__cb_nonfr_rate__rate__w30d,1,A_base,L0,Entity-graph component (2-hop),comp2,graph,CB rate,outcome,rate (num/denom),30 days,time,unconditioned,raw value,streaming aggregate (sketch-backed),HIGH - point-in-time on label_arrival_ts + out-of-fold encoding required,200,months-quarters,,candidate,,,,,
comp2__cb_amt__cnt__w30d,1,A_base,L0,Entity-graph component (2-hop),comp2,graph,Chargeback dollars,outcome,count,30 days,time,unconditioned,raw value,streaming aggregate (sketch-backed),HIGH - point-in-time on label_arrival_ts + out-of-fold encoding required,200,months-quarters,,candidate,,,,,
comp2__cb_amt__sum__w30d,1,A_base,L0,Entity-graph component (2-hop),comp2,graph,Chargeback dollars,outcome,sum,30 days,time,unconditioned,raw value,streaming aggregate (sketch-backed),HIGH - point-in-time on label_arrival_ts + out-of-fold encoding required,200,months-quarters,,candidate,,,,,
comp2__cb_amt__mean__w30d,1,A_base,L0,Entity-graph component (2-hop),comp2,graph,Chargeback dollars,outcome,mean,30 days,time,unconditioned,raw value,streaming aggregate (sketch-backed),HIGH - point-in-time on label_arrival_ts + out-of-fold encoding required,200,months-quarters,,candidate,,,,,
comp2__cb_rate__rate__w30d,1,A_base,L0,Entity-graph component (2-hop),comp2,graph,Chargeback rate,outcome,rate (num/denom),30 days,time,unconditioned,raw value,streaming aggregate (sketch-backed),HIGH - point-in-time on label_arrival_ts + out-of-fold encoding required,200,months-quarters,,candidate,,,,,
comp2__den_rate__rate__w30d,1,A_base,L0,Entity-graph component (2-hop),comp2,graph,DEN rate (downstream rules),outcome,rate (num/denom),30 days,time,unconditioned,raw value,streaming aggregate (sketch-backed),MED - encodes current policy; re-baseline on threshold change,50,months-quarters,,candidate,,,,,
comp2__d_bin8__dcnt__w1h,1,A_base,L0,Entity-graph component (2-hop),comp2,graph,Distinct BINs tried,velocity,distinct count,1 hour,time,unconditioned,raw value,streaming aggregate (sketch-backed),LOW,5,months-quarters,,candidate,,,,,
comp2__d_bin8__dcnt__w30d,1,A_base,L0,Entity-graph component (2-hop),comp2,graph,Distinct BINs tried,velocity,distinct count,30 days,time,unconditioned,raw value,streaming aggregate (sketch-backed),LOW,30,months-quarters,,candidate,,,,,
comp2__d_pan__dcnt__w1h,1,A_base,L0,Entity-graph component (2-hop),comp2,graph,Distinct cards,velocity,distinct count,1 hour,time,unconditioned,raw value,streaming aggregate (sketch-backed),LOW,5,months-quarters,,candidate,,,,,
comp2__d_pan__dcnt__w30d,1,A_base,L0,Entity-graph component (2-hop),comp2,graph,Distinct cards,velocity,distinct count,30 days,time,unconditioned,raw value,streaming aggregate (sketch-backed),LOW,30,months-quarters,,candidate,,,,,
comp2__d_cust__dcnt__w1h,1,A_base,L0,Entity-graph component (2-hop),comp2,graph,Distinct customers,velocity,distinct count,1 hour,time,unconditioned,raw value,streaming aggregate (sketch-backed),LOW,5,months-quarters,,candidate,,,,,
comp2__d_cust__dcnt__w30d,1,A_base,L0,Entity-graph component (2-hop),comp2,graph,Distinct customers,velocity,distinct count,30 days,time,unconditioned,raw value,streaming aggregate (sketch-backed),LOW,30,months-quarters,,candidate,,,,,
comp2__d_device__dcnt__w1h,1,A_base,L0,Entity-graph component (2-hop),comp2,graph,Distinct devices,velocity,distinct count,1 hour,time,unconditioned,raw value,streaming aggregate (sketch-backed),LOW,5,months-quarters,,candidate,,,,,
comp2__d_device__dcnt__w30d,1,A_base,L0,Entity-graph component (2-hop),comp2,graph,Distinct devices,velocity,distinct count,30 days,time,unconditioned,raw value,streaming aggregate (sketch-backed),LOW,30,months-quarters,,candidate,,,,,
comp2__d_email__dcnt__w1h,1,A_base,L0,Entity-graph component (2-hop),comp2,graph,Distinct emails,velocity,distinct count,1 hour,time,unconditioned,raw value,streaming aggregate (sketch-backed),LOW,5,months-quarters,,candidate,,,,,
comp2__d_email__dcnt__w30d,1,A_base,L0,Entity-graph component (2-hop),comp2,graph,Distinct emails,velocity,distinct count,30 days,time,unconditioned,raw value,streaming aggregate (sketch-backed),LOW,30,months-quarters,,candidate,,,,,
comp2__d_receiver__dcnt__w1h,1,A_base,L0,Entity-graph component (2-hop),comp2,graph,Distinct receivers (fan-out),velocity,distinct count,1 hour,time,unconditioned,raw value,streaming aggregate (sketch-backed),LOW,5,months-quarters,,candidate,,,,,
comp2__d_receiver__dcnt__w30d,1,A_base,L0,Entity-graph component (2-hop),comp2,graph,Distinct receivers (fan-out),velocity,distinct count,30 days,time,unconditioned,raw value,streaming aggregate (sketch-backed),LOW,30,months-quarters,,candidate,,,,,
comp2__d_sender__dcnt__w1h,1,A_base,L0,Entity-graph component (2-hop),comp2,graph,Distinct senders (fan-in),velocity,distinct count,1 hour,time,unconditioned,raw value,streaming aggregate (sketch-backed),LOW,5,months-quarters,,candidate,,,,,
comp2__d_sender__dcnt__w30d,1,A_base,L0,Entity-graph component (2-hop),comp2,graph,Distinct senders (fan-in),velocity,distinct count,30 days,time,unconditioned,raw value,streaming aggregate (sketch-backed),LOW,30,months-quarters,,candidate,,,,,
comp2__err_lost_stln__rate__w30d,1,A_base,L0,Entity-graph component (2-hop),comp2,graph,ERR rate,outcome,rate (num/denom),30 days,time,unconditioned,raw value,streaming aggregate (sketch-backed),LOW,50,months-quarters,,candidate,,,,,
comp2__err_rate__rate__w30d,1,A_base,L0,Entity-graph component (2-hop),comp2,graph,ERR rate (issuer decline),outcome,rate (num/denom),30 days,time,unconditioned,raw value,streaming aggregate (sketch-backed),MED - encodes current policy; re-baseline on threshold change,50,months-quarters,,candidate,,,,,
comp2__block_rate__rate__w30d,1,A_base,L0,Entity-graph component (2-hop),comp2,graph,Model block rate (policy),outcome,rate (num/denom),30 days,time,unconditioned,raw value,streaming aggregate (sketch-backed),MED - encodes current policy; re-baseline on threshold change,50,months-quarters,,candidate,,,,,
comp2__tc40_rate__rate__w30d,1,A_base,L0,Entity-graph component (2-hop),comp2,graph,TC40/SAFE alert rate,outcome,rate (num/denom),30 days,time,unconditioned,raw value,streaming aggregate (sketch-backed),HIGH - point-in-time on label_arrival_ts + out-of-fold encoding required,200,months-quarters,,candidate,,,,,
comp2__amt__cnt__w1h,1,A_base,L0,Entity-graph component (2-hop),comp2,graph,Transaction amount,velocity,count,1 hour,time,unconditioned,raw value,streaming aggregate (sketch-backed),LOW,5,months-quarters,,candidate,,,,,
comp2__amt__cnt__w30d,1,A_base,L0,Entity-graph component (2-hop),comp2,graph,Transaction amount,velocity,count,30 days,time,unconditioned,raw value,streaming aggregate (sketch-backed),LOW,30,months-quarters,,candidate,,,,,
comp2__amt__sum__w1h,1,A_base,L0,Entity-graph component (2-hop),comp2,graph,Transaction amount,velocity,sum,1 hour,time,unconditioned,raw value,streaming aggregate (sketch-backed),LOW,5,months-quarters,,candidate,,,,,
comp2__amt__sum__w30d,1,A_base,L0,Entity-graph component (2-hop),comp2,graph,Transaction amount,velocity,sum,30 days,time,unconditioned,raw value,streaming aggregate (sketch-backed),LOW,30,months-quarters,,candidate,,,,,
comp2__amt__mean__w1h,1,A_base,L0,Entity-graph component (2-hop),comp2,graph,Transaction amount,velocity,mean,1 hour,time,unconditioned,raw value,streaming aggregate (sketch-backed),LOW,5,months-quarters,,candidate,,,,,
comp2__amt__mean__w30d,1,A_base,L0,Entity-graph component (2-hop),comp2,graph,Transaction amount,velocity,mean,30 days,time,unconditioned,raw value,streaming aggregate (sketch-backed),LOW,30,months-quarters,,candidate,,,,,
comp2__txn_cnt__cnt__w1h,1,A_base,L0,Entity-graph component (2-hop),comp2,graph,Transaction count,velocity,count,1 hour,time,unconditioned,raw value,streaming aggregate (sketch-backed),LOW,5,months-quarters,,candidate,,,,,
comp2__txn_cnt__cnt__w30d,1,A_base,L0,Entity-graph component (2-hop),comp2,graph,Transaction count,velocity,count,30 days,time,unconditioned,raw value,streaming aggregate (sketch-backed),LOW,30,months-quarters,,candidate,,,,,
comp2__txn_cnt__sum__w1h,1,A_base,L0,Entity-graph component (2-hop),comp2,graph,Transaction count,velocity,sum,1 hour,time,unconditioned,raw value,streaming aggregate (sketch-backed),LOW,5,months-quarters,,candidate,,,,,
comp2__txn_cnt__sum__w30d,1,A_base,L0,Entity-graph component (2-hop),comp2,graph,Transaction count,velocity,sum,30 days,time,unconditioned,raw value,streaming aggregate (sketch-backed),LOW,30,months-quarters,,candidate,,,,,
cust__cb_fraud_rate__rate__w30d,1,A_base,L0,Customer ID,cust,identity,CB rate,outcome,rate (num/denom),30 days,time,unconditioned,raw value,streaming aggregate (sketch-backed),HIGH - point-in-time on label_arrival_ts + out-of-fold encoding required,200,weeks-months,,candidate,,,,,
cust__cb_nonfr_rate__rate__w30d,1,A_base,L0,Customer ID,cust,identity,CB rate,outcome,rate (num/denom),30 days,time,unconditioned,raw value,streaming aggregate (sketch-backed),HIGH - point-in-time on label_arrival_ts + out-of-fold encoding required,200,weeks-months,,candidate,,,,,
cust__champ_score__cnt__w30d,1,A_base,L0,Customer ID,cust,identity,Champion model score,score,count,30 days,time,unconditioned,raw value,realtime,MED - encodes current policy; re-baseline on threshold change,30,weeks-months,,candidate,,,,,
cust__champ_score__mean__w30d,1,A_base,L0,Customer ID,cust,identity,Champion model score,score,mean,30 days,time,unconditioned,raw value,realtime,MED - encodes current policy; re-baseline on threshold change,30,weeks-months,,candidate,,,,,
cust__cb_amt__cnt__w30d,1,A_base,L0,Customer ID,cust,identity,Chargeback dollars,outcome,count,30 days,time,unconditioned,raw value,streaming aggregate (sketch-backed),HIGH - point-in-time on label_arrival_ts + out-of-fold encoding required,200,weeks-months,,candidate,,,,,
cust__cb_amt__sum__w30d,1,A_base,L0,Customer ID,cust,identity,Chargeback dollars,outcome,sum,30 days,time,unconditioned,raw value,streaming aggregate (sketch-backed),HIGH - point-in-time on label_arrival_ts + out-of-fold encoding required,200,weeks-months,,candidate,,,,,
cust__cb_amt__mean__w30d,1,A_base,L0,Customer ID,cust,identity,Chargeback dollars,outcome,mean,30 days,time,unconditioned,raw value,streaming aggregate (sketch-backed),HIGH - point-in-time on label_arrival_ts + out-of-fold encoding required,200,weeks-months,,candidate,,,,,
cust__cb_rate__rate__w30d,1,A_base,L0,Customer ID,cust,identity,Chargeback rate,outcome,rate (num/denom),30 days,time,unconditioned,raw value,streaming aggregate (sketch-backed),HIGH - point-in-time on label_arrival_ts + out-of-fold encoding required,200,weeks-months,,candidate,,,,,
cust__den_rate__rate__w30d,1,A_base,L0,Customer ID,cust,identity,DEN rate (downstream rules),outcome,rate (num/denom),30 days,time,unconditioned,raw value,streaming aggregate (sketch-backed),MED - encodes current policy; re-baseline on threshold change,50,weeks-months,,candidate,,,,,
cust__d_bin8__dcnt__w1h,1,A_base,L0,Customer ID,cust,identity,Distinct BINs tried,velocity,distinct count,1 hour,time,unconditioned,raw value,realtime,LOW,5,weeks-months,,candidate,,,,,
cust__d_bin8__dcnt__w30d,1,A_base,L0,Customer ID,cust,identity,Distinct BINs tried,velocity,distinct count,30 days,time,unconditioned,raw value,realtime,LOW,30,weeks-months,,candidate,,,,,
cust__d_pan__dcnt__w1h,1,A_base,L0,Customer ID,cust,identity,Distinct cards,velocity,distinct count,1 hour,time,unconditioned,raw value,realtime,LOW,5,weeks-months,,candidate,,,,,
cust__d_pan__dcnt__w30d,1,A_base,L0,Customer ID,cust,identity,Distinct cards,velocity,distinct count,30 days,time,unconditioned,raw value,realtime,LOW,30,weeks-months,,candidate,,,,,
cust__d_device__dcnt__w1h,1,A_base,L0,Customer ID,cust,identity,Distinct devices,velocity,distinct count,1 hour,time,unconditioned,raw value,realtime,LOW,5,weeks-months,,candidate,,,,,
cust__d_device__dcnt__w30d,1,A_base,L0,Customer ID,cust,identity,Distinct devices,velocity,distinct count,30 days,time,unconditioned,raw value,realtime,LOW,30,weeks-months,,candidate,,,,,
cust__d_email__dcnt__w1h,1,A_base,L0,Customer ID,cust,identity,Distinct emails,velocity,distinct count,1 hour,time,unconditioned,raw value,realtime,LOW,5,weeks-months,,candidate,,,,,
cust__d_email__dcnt__w30d,1,A_base,L0,Customer ID,cust,identity,Distinct emails,velocity,distinct count,30 days,time,unconditioned,raw value,realtime,LOW,30,weeks-months,,candidate,,,,,
cust__d_receiver__dcnt__w1h,1,A_base,L0,Customer ID,cust,identity,Distinct receivers (fan-out),velocity,distinct count,1 hour,time,unconditioned,raw value,realtime,LOW,5,weeks-months,,candidate,,,,,
cust__d_receiver__dcnt__w30d,1,A_base,L0,Customer ID,cust,identity,Distinct receivers (fan-out),velocity,distinct count,30 days,time,unconditioned,raw value,realtime,LOW,30,weeks-months,,candidate,,,,,
cust__d_sender__dcnt__w1h,1,A_base,L0,Customer ID,cust,identity,Distinct senders (fan-in),velocity,distinct count,1 hour,time,unconditioned,raw value,realtime,LOW,5,weeks-months,,candidate,,,,,
cust__d_sender__dcnt__w30d,1,A_base,L0,Customer ID,cust,identity,Distinct senders (fan-in),velocity,distinct count,30 days,time,unconditioned,raw value,realtime,LOW,30,weeks-months,,candidate,,,,,
cust__err_lost_stln__rate__w30d,1,A_base,L0,Customer ID,cust,identity,ERR rate,outcome,rate (num/denom),30 days,time,unconditioned,raw value,streaming aggregate (sketch-backed),LOW,50,weeks-months,,candidate,,,,,
cust__err_rate__rate__w30d,1,A_base,L0,Customer ID,cust,identity,ERR rate (issuer decline),outcome,rate (num/denom),30 days,time,unconditioned,raw value,streaming aggregate (sketch-backed),MED - encodes current policy; re-baseline on threshold change,50,weeks-months,,candidate,,,,,
cust__fail_then_ok__cnt__w1h,1,A_base,L0,Customer ID,cust,identity,Failed-auth-then-success cnt,behavior,count,1 hour,time,unconditioned,raw value,realtime,LOW,5,weeks-months,,candidate,,,,,
cust__fail_then_ok__sum__w1h,1,A_base,L0,Customer ID,cust,identity,Failed-auth-then-success cnt,behavior,sum,1 hour,time,unconditioned,raw value,realtime,LOW,5,weeks-months,,candidate,,,,,
cust__interarrival__cnt__w1h,1,A_base,L0,Customer ID,cust,identity,Inter-arrival seconds,behavior,count,1 hour,time,unconditioned,raw value,realtime,LOW,5,weeks-months,,candidate,,,,,
cust__interarrival__mean__w1h,1,A_base,L0,Customer ID,cust,identity,Inter-arrival seconds,behavior,mean,1 hour,time,unconditioned,raw value,realtime,LOW,5,weeks-months,,candidate,,,,,
cust__block_rate__rate__w30d,1,A_base,L0,Customer ID,cust,identity,Model block rate (policy),outcome,rate (num/denom),30 days,time,unconditioned,raw value,streaming aggregate (sketch-backed),MED - encodes current policy; re-baseline on threshold change,50,weeks-months,,candidate,,,,,
cust__amt_repeat__rate__w1h,1,A_base,L0,Customer ID,cust,identity,Repeat-identical-amount rate,behavior,rate (num/denom),1 hour,time,unconditioned,raw value,realtime,LOW,5,weeks-months,,candidate,,,,,
cust__amt_escalate__cnt__w1h,1,A_base,L0,Customer ID,cust,identity,Small-then-large sequence cnt,behavior,count,1 hour,time,unconditioned,raw value,realtime,LOW,5,weeks-months,,candidate,,,,,
cust__amt_escalate__sum__w1h,1,A_base,L0,Customer ID,cust,identity,Small-then-large sequence cnt,behavior,sum,1 hour,time,unconditioned,raw value,realtime,LOW,5,weeks-months,,candidate,,,,,
cust__tc40_rate__rate__w30d,1,A_base,L0,Customer ID,cust,identity,TC40/SAFE alert rate,outcome,rate (num/denom),30 days,time,unconditioned,raw value,streaming aggregate (sketch-backed),HIGH - point-in-time on label_arrival_ts + out-of-fold encoding required,200,weeks-months,,candidate,,,,,
cust__amt__cnt__w1h,1,A_base,L0,Customer ID,cust,identity,Transaction amount,velocity,count,1 hour,time,unconditioned,raw value,realtime,LOW,5,weeks-months,,candidate,,,,,
cust__amt__cnt__w30d,1,A_base,L0,Customer ID,cust,identity,Transaction amount,velocity,count,30 days,time,unconditioned,raw value,realtime,LOW,30,weeks-months,,candidate,,,,,
cust__amt__sum__w1h,1,A_base,L0,Customer ID,cust,identity,Transaction amount,velocity,sum,1 hour,time,unconditioned,raw value,realtime,LOW,5,weeks-months,,candidate,,,,,
cust__amt__sum__w30d,1,A_base,L0,Customer ID,cust,identity,Transaction amount,velocity,sum,30 days,time,unconditioned,raw value,realtime,LOW,30,weeks-months,,candidate,,,,,
cust__amt__mean__w1h,1,A_base,L0,Customer ID,cust,identity,Transaction amount,velocity,mean,1 hour,time,unconditioned,raw value,realtime,LOW,5,weeks-months,,candidate,,,,,
cust__amt__mean__w30d,1,A_base,L0,Customer ID,cust,identity,Transaction amount,velocity,mean,30 days,time,unconditioned,raw value,realtime,LOW,30,weeks-months,,candidate,,,,,
cust__txn_cnt__cnt__w1h,1,A_base,L0,Customer ID,cust,identity,Transaction count,velocity,count,1 hour,time,unconditioned,raw value,realtime,LOW,5,weeks-months,,candidate,,,,,
cust__txn_cnt__cnt__w30d,1,A_base,L0,Customer ID,cust,identity,Transaction count,velocity,count,30 days,time,unconditioned,raw value,realtime,LOW,30,weeks-months,,candidate,,,,,
cust__txn_cnt__sum__w1h,1,A_base,L0,Customer ID,cust,identity,Transaction count,velocity,sum,1 hour,time,unconditioned,raw value,realtime,LOW,5,weeks-months,,candidate,,,,,
cust__txn_cnt__sum__w30d,1,A_base,L0,Customer ID,cust,identity,Transaction count,velocity,sum,30 days,time,unconditioned,raw value,realtime,LOW,30,weeks-months,,candidate,,,,,
doc__cb_fraud_rate__rate__w30d,1,A_base,L0,Document ID (KYC),doc,identity,CB rate,outcome,rate (num/denom),30 days,time,unconditioned,raw value,streaming aggregate (sketch-backed),HIGH - point-in-time on label_arrival_ts + out-of-fold encoding required,200,months-quarters,,candidate,,,,,
doc__cb_nonfr_rate__rate__w30d,1,A_base,L0,Document ID (KYC),doc,identity,CB rate,outcome,rate (num/denom),30 days,time,unconditioned,raw value,streaming aggregate (sketch-backed),HIGH - point-in-time on label_arrival_ts + out-of-fold encoding required,200,months-quarters,,candidate,,,,,
doc__champ_score__cnt__w30d,1,A_base,L0,Document ID (KYC),doc,identity,Champion model score,score,count,30 days,time,unconditioned,raw value,realtime,MED - encodes current policy; re-baseline on threshold change,30,months-quarters,,candidate,,,,,
doc__champ_score__mean__w30d,1,A_base,L0,Document ID (KYC),doc,identity,Champion model score,score,mean,30 days,time,unconditioned,raw value,realtime,MED - encodes current policy; re-baseline on threshold change,30,months-quarters,,candidate,,,,,
doc__cb_amt__cnt__w30d,1,A_base,L0,Document ID (KYC),doc,identity,Chargeback dollars,outcome,count,30 days,time,unconditioned,raw value,streaming aggregate (sketch-backed),HIGH - point-in-time on label_arrival_ts + out-of-fold encoding required,200,months-quarters,,candidate,,,,,
doc__cb_amt__sum__w30d,1,A_base,L0,Document ID (KYC),doc,identity,Chargeback dollars,outcome,sum,30 days,time,unconditioned,raw value,streaming aggregate (sketch-backed),HIGH - point-in-time on label_arrival_ts + out-of-fold encoding required,200,months-quarters,,candidate,,,,,
doc__cb_amt__mean__w30d,1,A_base,L0,Document ID (KYC),doc,identity,Chargeback dollars,outcome,mean,30 days,time,unconditioned,raw value,streaming aggregate (sketch-backed),HIGH - point-in-time on label_arrival_ts + out-of-fold encoding required,200,months-quarters,,candidate,,,,,
doc__cb_rate__rate__w30d,1,A_base,L0,Document ID (KYC),doc,identity,Chargeback rate,outcome,rate (num/denom),30 days,time,unconditioned,raw value,streaming aggregate (sketch-backed),HIGH - point-in-time on label_arrival_ts + out-of-fold encoding required,200,months-quarters,,candidate,,,,,
doc__den_rate__rate__w30d,1,A_base,L0,Document ID (KYC),doc,identity,DEN rate (downstream rules),outcome,rate (num/denom),30 days,time,unconditioned,raw value,streaming aggregate (sketch-backed),MED - encodes current policy; re-baseline on threshold change,50,months-quarters,,candidate,,,,,
doc__d_bin8__dcnt__w1h,1,A_base,L0,Document ID (KYC),doc,identity,Distinct BINs tried,velocity,distinct count,1 hour,time,unconditioned,raw value,realtime,LOW,5,months-quarters,,candidate,,,,,
doc__d_bin8__dcnt__w30d,1,A_base,L0,Document ID (KYC),doc,identity,Distinct BINs tried,velocity,distinct count,30 days,time,unconditioned,raw value,realtime,LOW,30,months-quarters,,candidate,,,,,
doc__d_pan__dcnt__w1h,1,A_base,L0,Document ID (KYC),doc,identity,Distinct cards,velocity,distinct count,1 hour,time,unconditioned,raw value,realtime,LOW,5,months-quarters,,candidate,,,,,
doc__d_pan__dcnt__w30d,1,A_base,L0,Document ID (KYC),doc,identity,Distinct cards,velocity,distinct count,30 days,time,unconditioned,raw value,realtime,LOW,30,months-quarters,,candidate,,,,,
doc__d_cust__dcnt__w1h,1,A_base,L0,Document ID (KYC),doc,identity,Distinct customers,velocity,distinct count,1 hour,time,unconditioned,raw value,realtime,LOW,5,months-quarters,,candidate,,,,,
doc__d_cust__dcnt__w30d,1,A_base,L0,Document ID (KYC),doc,identity,Distinct customers,velocity,distinct count,30 days,time,unconditioned,raw value,realtime,LOW,30,months-quarters,,candidate,,,,,
doc__d_device__dcnt__w1h,1,A_base,L0,Document ID (KYC),doc,identity,Distinct devices,velocity,distinct count,1 hour,time,unconditioned,raw value,realtime,LOW,5,months-quarters,,candidate,,,,,
doc__d_device__dcnt__w30d,1,A_base,L0,Document ID (KYC),doc,identity,Distinct devices,velocity,distinct count,30 days,time,unconditioned,raw value,realtime,LOW,30,months-quarters,,candidate,,,,,
doc__d_email__dcnt__w1h,1,A_base,L0,Document ID (KYC),doc,identity,Distinct emails,velocity,distinct count,1 hour,time,unconditioned,raw value,realtime,LOW,5,months-quarters,,candidate,,,,,
doc__d_email__dcnt__w30d,1,A_base,L0,Document ID (KYC),doc,identity,Distinct emails,velocity,distinct count,30 days,time,unconditioned,raw value,realtime,LOW,30,months-quarters,,candidate,,,,,
doc__d_receiver__dcnt__w1h,1,A_base,L0,Document ID (KYC),doc,identity,Distinct receivers (fan-out),velocity,distinct count,1 hour,time,unconditioned,raw value,realtime,LOW,5,months-quarters,,candidate,,,,,
doc__d_receiver__dcnt__w30d,1,A_base,L0,Document ID (KYC),doc,identity,Distinct receivers (fan-out),velocity,distinct count,30 days,time,unconditioned,raw value,realtime,LOW,30,months-quarters,,candidate,,,,,
doc__d_sender__dcnt__w1h,1,A_base,L0,Document ID (KYC),doc,identity,Distinct senders (fan-in),velocity,distinct count,1 hour,time,unconditioned,raw value,realtime,LOW,5,months-quarters,,candidate,,,,,
doc__d_sender__dcnt__w30d,1,A_base,L0,Document ID (KYC),doc,identity,Distinct senders (fan-in),velocity,distinct count,30 days,time,unconditioned,raw value,realtime,LOW,30,months-quarters,,candidate,,,,,
doc__err_lost_stln__rate__w30d,1,A_base,L0,Document ID (KYC),doc,identity,ERR rate,outcome,rate (num/denom),30 days,time,unconditioned,raw value,streaming aggregate (sketch-backed),LOW,50,months-quarters,,candidate,,,,,
doc__err_rate__rate__w30d,1,A_base,L0,Document ID (KYC),doc,identity,ERR rate (issuer decline),outcome,rate (num/denom),30 days,time,unconditioned,raw value,streaming aggregate (sketch-backed),MED - encodes current policy; re-baseline on threshold change,50,months-quarters,,candidate,,,,,
doc__fail_then_ok__cnt__w1h,1,A_base,L0,Document ID (KYC),doc,identity,Failed-auth-then-success cnt,behavior,count,1 hour,time,unconditioned,raw value,realtime,LOW,5,months-quarters,,candidate,,,,,
doc__fail_then_ok__sum__w1h,1,A_base,L0,Document ID (KYC),doc,identity,Failed-auth-then-success cnt,behavior,sum,1 hour,time,unconditioned,raw value,realtime,LOW,5,months-quarters,,candidate,,,,,
doc__interarrival__cnt__w1h,1,A_base,L0,Document ID (KYC),doc,identity,Inter-arrival seconds,behavior,count,1 hour,time,unconditioned,raw value,realtime,LOW,5,months-quarters,,candidate,,,,,
doc__interarrival__mean__w1h,1,A_base,L0,Document ID (KYC),doc,identity,Inter-arrival seconds,behavior,mean,1 hour,time,unconditioned,raw value,realtime,LOW,5,months-quarters,,candidate,,,,,
doc__block_rate__rate__w30d,1,A_base,L0,Document ID (KYC),doc,identity,Model block rate (policy),outcome,rate (num/denom),30 days,time,unconditioned,raw value,streaming aggregate (sketch-backed),MED - encodes current policy; re-baseline on threshold change,50,months-quarters,,candidate,,,,,
doc__amt_repeat__rate__w1h,1,A_base,L0,Document ID (KYC),doc,identity,Repeat-identical-amount rate,behavior,rate (num/denom),1 hour,time,unconditioned,raw value,realtime,LOW,5,months-quarters,,candidate,,,,,
doc__amt_escalate__cnt__w1h,1,A_base,L0,Document ID (KYC),doc,identity,Small-then-large sequence cnt,behavior,count,1 hour,time,unconditioned,raw value,realtime,LOW,5,months-quarters,,candidate,,,,,
doc__amt_escalate__sum__w1h,1,A_base,L0,Document ID (KYC),doc,identity,Small-then-large sequence cnt,behavior,sum,1 hour,time,unconditioned,raw value,realtime,LOW,5,months-quarters,,candidate,,,,,
doc__tc40_rate__rate__w30d,1,A_base,L0,Document ID (KYC),doc,identity,TC40/SAFE alert rate,outcome,rate (num/denom),30 days,time,unconditioned,raw value,streaming aggregate (sketch-backed),HIGH - point-in-time on label_arrival_ts + out-of-fold encoding required,200,months-quarters,,candidate,,,,,
doc__amt__cnt__w1h,1,A_base,L0,Document ID (KYC),doc,identity,Transaction amount,velocity,count,1 hour,time,unconditioned,raw value,realtime,LOW,5,months-quarters,,candidate,,,,,
doc__amt__cnt__w30d,1,A_base,L0,Document ID (KYC),doc,identity,Transaction amount,velocity,count,30 days,time,unconditioned,raw value,realtime,LOW,30,months-quarters,,candidate,,,,,
doc__amt__sum__w1h,1,A_base,L0,Document ID (KYC),doc,identity,Transaction amount,velocity,sum,1 hour,time,unconditioned,raw value,realtime,LOW,5,months-quarters,,candidate,,,,,
doc__amt__sum__w30d,1,A_base,L0,Document ID (KYC),doc,identity,Transaction amount,velocity,sum,30 days,time,unconditioned,raw value,realtime,LOW,30,months-quarters,,candidate,,,,,
doc__amt__mean__w1h,1,A_base,L0,Document ID (KYC),doc,identity,Transaction amount,velocity,mean,1 hour,time,unconditioned,raw value,realtime,LOW,5,months-quarters,,candidate,,,,,
doc__amt__mean__w30d,1,A_base,L0,Document ID (KYC),doc,identity,Transaction amount,velocity,mean,30 days,time,unconditioned,raw value,realtime,LOW,30,months-quarters,,candidate,,,,,
doc__txn_cnt__cnt__w1h,1,A_base,L0,Document ID (KYC),doc,identity,Transaction count,velocity,count,1 hour,time,unconditioned,raw value,realtime,LOW,5,months-quarters,,candidate,,,,,
doc__txn_cnt__cnt__w30d,1,A_base,L0,Document ID (KYC),doc,identity,Transaction count,velocity,count,30 days,time,unconditioned,raw value,realtime,LOW,30,months-quarters,,candidate,,,,,
doc__txn_cnt__sum__w1h,1,A_base,L0,Document ID (KYC),doc,identity,Transaction count,velocity,sum,1 hour,time,unconditioned,raw value,realtime,LOW,5,months-quarters,,candidate,,,,,
doc__txn_cnt__sum__w30d,1,A_base,L0,Document ID (KYC),doc,identity,Transaction count,velocity,sum,30 days,time,unconditioned,raw value,realtime,LOW,30,months-quarters,,candidate,,,,,
phone__cb_fraud_rate__rate__w30d,1,A_base,L0,Phone number,phone,identity,CB rate,outcome,rate (num/denom),30 days,time,unconditioned,raw value,streaming aggregate (sketch-backed),HIGH - point-in-time on label_arrival_ts + out-of-fold encoding required,200,weeks-months,,candidate,,,,,
phone__cb_nonfr_rate__rate__w30d,1,A_base,L0,Phone number,phone,identity,CB rate,outcome,rate (num/denom),30 days,time,unconditioned,raw value,streaming aggregate (sketch-backed),HIGH - point-in-time on label_arrival_ts + out-of-fold encoding required,200,weeks-months,,candidate,,,,,
phone__champ_score__cnt__w30d,1,A_base,L0,Phone number,phone,identity,Champion model score,score,count,30 days,time,unconditioned,raw value,realtime,MED - encodes current policy; re-baseline on threshold change,30,weeks-months,,candidate,,,,,
phone__champ_score__mean__w30d,1,A_base,L0,Phone number,phone,identity,Champion model score,score,mean,30 days,time,unconditioned,raw value,realtime,MED - encodes current policy; re-baseline on threshold change,30,weeks-months,,candidate,,,,,
phone__cb_amt__cnt__w30d,1,A_base,L0,Phone number,phone,identity,Chargeback dollars,outcome,count,30 days,time,unconditioned,raw value,streaming aggregate (sketch-backed),HIGH - point-in-time on label_arrival_ts + out-of-fold encoding required,200,weeks-months,,candidate,,,,,
phone__cb_amt__sum__w30d,1,A_base,L0,Phone number,phone,identity,Chargeback dollars,outcome,sum,30 days,time,unconditioned,raw value,streaming aggregate (sketch-backed),HIGH - point-in-time on label_arrival_ts + out-of-fold encoding required,200,weeks-months,,candidate,,,,,
phone__cb_amt__mean__w30d,1,A_base,L0,Phone number,phone,identity,Chargeback dollars,outcome,mean,30 days,time,unconditioned,raw value,streaming aggregate (sketch-backed),HIGH - point-in-time on label_arrival_ts + out-of-fold encoding required,200,weeks-months,,candidate,,,,,
phone__cb_rate__rate__w30d,1,A_base,L0,Phone number,phone,identity,Chargeback rate,outcome,rate (num/denom),30 days,time,unconditioned,raw value,streaming aggregate (sketch-backed),HIGH - point-in-time on label_arrival_ts + out-of-fold encoding required,200,weeks-months,,candidate,,,,,
phone__den_rate__rate__w30d,1,A_base,L0,Phone number,phone,identity,DEN rate (downstream rules),outcome,rate (num/denom),30 days,time,unconditioned,raw value,streaming aggregate (sketch-backed),MED - encodes current policy; re-baseline on threshold change,50,weeks-months,,candidate,,,,,
phone__d_bin8__dcnt__w1h,1,A_base,L0,Phone number,phone,identity,Distinct BINs tried,velocity,distinct count,1 hour,time,unconditioned,raw value,realtime,LOW,5,weeks-months,,candidate,,,,,
phone__d_bin8__dcnt__w30d,1,A_base,L0,Phone number,phone,identity,Distinct BINs tried,velocity,distinct count,30 days,time,unconditioned,raw value,realtime,LOW,30,weeks-months,,candidate,,,,,
phone__d_pan__dcnt__w1h,1,A_base,L0,Phone number,phone,identity,Distinct cards,velocity,distinct count,1 hour,time,unconditioned,raw value,realtime,LOW,5,weeks-months,,candidate,,,,,
phone__d_pan__dcnt__w30d,1,A_base,L0,Phone number,phone,identity,Distinct cards,velocity,distinct count,30 days,time,unconditioned,raw value,realtime,LOW,30,weeks-months,,candidate,,,,,
phone__d_cust__dcnt__w1h,1,A_base,L0,Phone number,phone,identity,Distinct customers,velocity,distinct count,1 hour,time,unconditioned,raw value,realtime,LOW,5,weeks-months,,candidate,,,,,
phone__d_cust__dcnt__w30d,1,A_base,L0,Phone number,phone,identity,Distinct customers,velocity,distinct count,30 days,time,unconditioned,raw value,realtime,LOW,30,weeks-months,,candidate,,,,,
phone__d_device__dcnt__w1h,1,A_base,L0,Phone number,phone,identity,Distinct devices,velocity,distinct count,1 hour,time,unconditioned,raw value,realtime,LOW,5,weeks-months,,candidate,,,,,
phone__d_device__dcnt__w30d,1,A_base,L0,Phone number,phone,identity,Distinct devices,velocity,distinct count,30 days,time,unconditioned,raw value,realtime,LOW,30,weeks-months,,candidate,,,,,
phone__d_email__dcnt__w1h,1,A_base,L0,Phone number,phone,identity,Distinct emails,velocity,distinct count,1 hour,time,unconditioned,raw value,realtime,LOW,5,weeks-months,,candidate,,,,,
phone__d_email__dcnt__w30d,1,A_base,L0,Phone number,phone,identity,Distinct emails,velocity,distinct count,30 days,time,unconditioned,raw value,realtime,LOW,30,weeks-months,,candidate,,,,,
phone__d_receiver__dcnt__w1h,1,A_base,L0,Phone number,phone,identity,Distinct receivers (fan-out),velocity,distinct count,1 hour,time,unconditioned,raw value,realtime,LOW,5,weeks-months,,candidate,,,,,
phone__d_receiver__dcnt__w30d,1,A_base,L0,Phone number,phone,identity,Distinct receivers (fan-out),velocity,distinct count,30 days,time,unconditioned,raw value,realtime,LOW,30,weeks-months,,candidate,,,,,
phone__d_sender__dcnt__w1h,1,A_base,L0,Phone number,phone,identity,Distinct senders (fan-in),velocity,distinct count,1 hour,time,unconditioned,raw value,realtime,LOW,5,weeks-months,,candidate,,,,,
phone__d_sender__dcnt__w30d,1,A_base,L0,Phone number,phone,identity,Distinct senders (fan-in),velocity,distinct count,30 days,time,unconditioned,raw value,realtime,LOW,30,weeks-months,,candidate,,,,,
phone__err_lost_stln__rate__w30d,1,A_base,L0,Phone number,phone,identity,ERR rate,outcome,rate (num/denom),30 days,time,unconditioned,raw value,streaming aggregate (sketch-backed),LOW,50,weeks-months,,candidate,,,,,
phone__err_rate__rate__w30d,1,A_base,L0,Phone number,phone,identity,ERR rate (issuer decline),outcome,rate (num/denom),30 days,time,unconditioned,raw value,streaming aggregate (sketch-backed),MED - encodes current policy; re-baseline on threshold change,50,weeks-months,,candidate,,,,,
phone__fail_then_ok__cnt__w1h,1,A_base,L0,Phone number,phone,identity,Failed-auth-then-success cnt,behavior,count,1 hour,time,unconditioned,raw value,realtime,LOW,5,weeks-months,,candidate,,,,,
phone__fail_then_ok__sum__w1h,1,A_base,L0,Phone number,phone,identity,Failed-auth-then-success cnt,behavior,sum,1 hour,time,unconditioned,raw value,realtime,LOW,5,weeks-months,,candidate,,,,,
phone__interarrival__cnt__w1h,1,A_base,L0,Phone number,phone,identity,Inter-arrival seconds,behavior,count,1 hour,time,unconditioned,raw value,realtime,LOW,5,weeks-months,,candidate,,,,,
phone__interarrival__mean__w1h,1,A_base,L0,Phone number,phone,identity,Inter-arrival seconds,behavior,mean,1 hour,time,unconditioned,raw value,realtime,LOW,5,weeks-months,,candidate,,,,,
phone__block_rate__rate__w30d,1,A_base,L0,Phone number,phone,identity,Model block rate (policy),outcome,rate (num/denom),30 days,time,unconditioned,raw value,streaming aggregate (sketch-backed),MED - encodes current policy; re-baseline on threshold change,50,weeks-months,,candidate,,,,,
phone__amt_repeat__rate__w1h,1,A_base,L0,Phone number,phone,identity,Repeat-identical-amount rate,behavior,rate (num/denom),1 hour,time,unconditioned,raw value,realtime,LOW,5,weeks-months,,candidate,,,,,
phone__amt_escalate__cnt__w1h,1,A_base,L0,Phone number,phone,identity,Small-then-large sequence cnt,behavior,count,1 hour,time,unconditioned,raw value,realtime,LOW,5,weeks-months,,candidate,,,,,
phone__amt_escalate__sum__w1h,1,A_base,L0,Phone number,phone,identity,Small-then-large sequence cnt,behavior,sum,1 hour,time,unconditioned,raw value,realtime,LOW,5,weeks-months,,candidate,,,,,
phone__tc40_rate__rate__w30d,1,A_base,L0,Phone number,phone,identity,TC40/SAFE alert rate,outcome,rate (num/denom),30 days,time,unconditioned,raw value,streaming aggregate (sketch-backed),HIGH - point-in-time on label_arrival_ts + out-of-fold encoding required,200,weeks-months,,candidate,,,,,
phone__amt__cnt__w1h,1,A_base,L0,Phone number,phone,identity,Transaction amount,velocity,count,1 hour,time,unconditioned,raw value,realtime,LOW,5,weeks-months,,candidate,,,,,
phone__amt__cnt__w30d,1,A_base,L0,Phone number,phone,identity,Transaction amount,velocity,count,30 days,time,unconditioned,raw value,realtime,LOW,30,weeks-months,,candidate,,,,,
phone__amt__sum__w1h,1,A_base,L0,Phone number,phone,identity,Transaction amount,velocity,sum,1 hour,time,unconditioned,raw value,realtime,LOW,5,weeks-months,,candidate,,,,,
phone__amt__sum__w30d,1,A_base,L0,Phone number,phone,identity,Transaction amount,velocity,sum,30 days,time,unconditioned,raw value,realtime,LOW,30,weeks-months,,candidate,,,,,
phone__amt__mean__w1h,1,A_base,L0,Phone number,phone,identity,Transaction amount,velocity,mean,1 hour,time,unconditioned,raw value,realtime,LOW,5,weeks-months,,candidate,,,,,
phone__amt__mean__w30d,1,A_base,L0,Phone number,phone,identity,Transaction amount,velocity,mean,30 days,time,unconditioned,raw value,realtime,LOW,30,weeks-months,,candidate,,,,,
phone__txn_cnt__cnt__w1h,1,A_base,L0,Phone number,phone,identity,Transaction count,velocity,count,1 hour,time,unconditioned,raw value,realtime,LOW,5,weeks-months,,candidate,,,,,
phone__txn_cnt__cnt__w30d,1,A_base,L0,Phone number,phone,identity,Transaction count,velocity,count,30 days,time,unconditioned,raw value,realtime,LOW,30,weeks-months,,candidate,,,,,
phone__txn_cnt__sum__w1h,1,A_base,L0,Phone number,phone,identity,Transaction count,velocity,sum,1 hour,time,unconditioned,raw value,realtime,LOW,5,weeks-months,,candidate,,,,,
phone__txn_cnt__sum__w30d,1,A_base,L0,Phone number,phone,identity,Transaction count,velocity,sum,30 days,time,unconditioned,raw value,realtime,LOW,30,weeks-months,,candidate,,,,,
bin8__cb_fraud_rate__rate__w30d,1,A_base,L0,BIN-8,bin8,instrument,CB rate,outcome,rate (num/denom),30 days,time,unconditioned,raw value,streaming aggregate (sketch-backed),HIGH - point-in-time on label_arrival_ts + out-of-fold encoding required,200,months-quarters,,candidate,,,,,
bin8__cb_nonfr_rate__rate__w30d,1,A_base,L0,BIN-8,bin8,instrument,CB rate,outcome,rate (num/denom),30 days,time,unconditioned,raw value,streaming aggregate (sketch-backed),HIGH - point-in-time on label_arrival_ts + out-of-fold encoding required,200,months-quarters,,candidate,,,,,
bin8__champ_score__cnt__w30d,1,A_base,L0,BIN-8,bin8,instrument,Champion model score,score,count,30 days,time,unconditioned,raw value,realtime,MED - encodes current policy; re-baseline on threshold change,30,months-quarters,,candidate,,,,,
bin8__champ_score__mean__w30d,1,A_base,L0,BIN-8,bin8,instrument,Champion model score,score,mean,30 days,time,unconditioned,raw value,realtime,MED - encodes current policy; re-baseline on threshold change,30,months-quarters,,candidate,,,,,
bin8__cb_amt__cnt__w30d,1,A_base,L0,BIN-8,bin8,instrument,Chargeback dollars,outcome,count,30 days,time,unconditioned,raw value,streaming aggregate (sketch-backed),HIGH - point-in-time on label_arrival_ts + out-of-fold encoding required,200,months-quarters,,candidate,,,,,
bin8__cb_amt__sum__w30d,1,A_base,L0,BIN-8,bin8,instrument,Chargeback dollars,outcome,sum,30 days,time,unconditioned,raw value,streaming aggregate (sketch-backed),HIGH - point-in-time on label_arrival_ts + out-of-fold encoding required,200,months-quarters,,candidate,,,,,
bin8__cb_amt__mean__w30d,1,A_base,L0,BIN-8,bin8,instrument,Chargeback dollars,outcome,mean,30 days,time,unconditioned,raw value,streaming aggregate (sketch-backed),HIGH - point-in-time on label_arrival_ts + out-of-fold encoding required,200,months-quarters,,candidate,,,,,
bin8__cb_rate__rate__w30d,1,A_base,L0,BIN-8,bin8,instrument,Chargeback rate,outcome,rate (num/denom),30 days,time,unconditioned,raw value,streaming aggregate (sketch-backed),HIGH - point-in-time on label_arrival_ts + out-of-fold encoding required,200,months-quarters,,candidate,,,,,
bin8__den_rate__rate__w30d,1,A_base,L0,BIN-8,bin8,instrument,DEN rate (downstream rules),outcome,rate (num/denom),30 days,time,unconditioned,raw value,streaming aggregate (sketch-backed),MED - encodes current policy; re-baseline on threshold change,50,months-quarters,,candidate,,,,,
bin8__d_pan__dcnt__w1h,1,A_base,L0,BIN-8,bin8,instrument,Distinct cards,velocity,distinct count,1 hour,time,unconditioned,raw value,realtime,LOW,5,months-quarters,,candidate,,,,,
bin8__d_pan__dcnt__w30d,1,A_base,L0,BIN-8,bin8,instrument,Distinct cards,velocity,distinct count,30 days,time,unconditioned,raw value,realtime,LOW,30,months-quarters,,candidate,,,,,
bin8__d_cust__dcnt__w1h,1,A_base,L0,BIN-8,bin8,instrument,Distinct customers,velocity,distinct count,1 hour,time,unconditioned,raw value,realtime,LOW,5,months-quarters,,candidate,,,,,
bin8__d_cust__dcnt__w30d,1,A_base,L0,BIN-8,bin8,instrument,Distinct customers,velocity,distinct count,30 days,time,unconditioned,raw value,realtime,LOW,30,months-quarters,,candidate,,,,,
bin8__d_device__dcnt__w1h,1,A_base,L0,BIN-8,bin8,instrument,Distinct devices,velocity,distinct count,1 hour,time,unconditioned,raw value,realtime,LOW,5,months-quarters,,candidate,,,,,
bin8__d_device__dcnt__w30d,1,A_base,L0,BIN-8,bin8,instrument,Distinct devices,velocity,distinct count,30 days,time,unconditioned,raw value,realtime,LOW,30,months-quarters,,candidate,,,,,
bin8__d_email__dcnt__w1h,1,A_base,L0,BIN-8,bin8,instrument,Distinct emails,velocity,distinct count,1 hour,time,unconditioned,raw value,realtime,LOW,5,months-quarters,,candidate,,,,,
bin8__d_email__dcnt__w30d,1,A_base,L0,BIN-8,bin8,instrument,Distinct emails,velocity,distinct count,30 days,time,unconditioned,raw value,realtime,LOW,30,months-quarters,,candidate,,,,,
bin8__d_receiver__dcnt__w1h,1,A_base,L0,BIN-8,bin8,instrument,Distinct receivers (fan-out),velocity,distinct count,1 hour,time,unconditioned,raw value,realtime,LOW,5,months-quarters,,candidate,,,,,
bin8__d_receiver__dcnt__w30d,1,A_base,L0,BIN-8,bin8,instrument,Distinct receivers (fan-out),velocity,distinct count,30 days,time,unconditioned,raw value,realtime,LOW,30,months-quarters,,candidate,,,,,
bin8__d_sender__dcnt__w1h,1,A_base,L0,BIN-8,bin8,instrument,Distinct senders (fan-in),velocity,distinct count,1 hour,time,unconditioned,raw value,realtime,LOW,5,months-quarters,,candidate,,,,,
bin8__d_sender__dcnt__w30d,1,A_base,L0,BIN-8,bin8,instrument,Distinct senders (fan-in),velocity,distinct count,30 days,time,unconditioned,raw value,realtime,LOW,30,months-quarters,,candidate,,,,,
bin8__err_lost_stln__rate__w30d,1,A_base,L0,BIN-8,bin8,instrument,ERR rate,outcome,rate (num/denom),30 days,time,unconditioned,raw value,streaming aggregate (sketch-backed),LOW,50,months-quarters,,candidate,,,,,
bin8__err_rate__rate__w30d,1,A_base,L0,BIN-8,bin8,instrument,ERR rate (issuer decline),outcome,rate (num/denom),30 days,time,unconditioned,raw value,streaming aggregate (sketch-backed),MED - encodes current policy; re-baseline on threshold change,50,months-quarters,,candidate,,,,,
bin8__fail_then_ok__cnt__w1h,1,A_base,L0,BIN-8,bin8,instrument,Failed-auth-then-success cnt,behavior,count,1 hour,time,unconditioned,raw value,realtime,LOW,5,months-quarters,,candidate,,,,,
bin8__fail_then_ok__sum__w1h,1,A_base,L0,BIN-8,bin8,instrument,Failed-auth-then-success cnt,behavior,sum,1 hour,time,unconditioned,raw value,realtime,LOW,5,months-quarters,,candidate,,,,,
bin8__interarrival__cnt__w1h,1,A_base,L0,BIN-8,bin8,instrument,Inter-arrival seconds,behavior,count,1 hour,time,unconditioned,raw value,realtime,LOW,5,months-quarters,,candidate,,,,,
bin8__interarrival__mean__w1h,1,A_base,L0,BIN-8,bin8,instrument,Inter-arrival seconds,behavior,mean,1 hour,time,unconditioned,raw value,realtime,LOW,5,months-quarters,,candidate,,,,,
bin8__block_rate__rate__w30d,1,A_base,L0,BIN-8,bin8,instrument,Model block rate (policy),outcome,rate (num/denom),30 days,time,unconditioned,raw value,streaming aggregate (sketch-backed),MED - encodes current policy; re-baseline on threshold change,50,months-quarters,,candidate,,,,,
bin8__amt_repeat__rate__w1h,1,A_base,L0,BIN-8,bin8,instrument,Repeat-identical-amount rate,behavior,rate (num/denom),1 hour,time,unconditioned,raw value,realtime,LOW,5,months-quarters,,candidate,,,,,
bin8__amt_escalate__cnt__w1h,1,A_base,L0,BIN-8,bin8,instrument,Small-then-large sequence cnt,behavior,count,1 hour,time,unconditioned,raw value,realtime,LOW,5,months-quarters,,candidate,,,,,
bin8__amt_escalate__sum__w1h,1,A_base,L0,BIN-8,bin8,instrument,Small-then-large sequence cnt,behavior,sum,1 hour,time,unconditioned,raw value,realtime,LOW,5,months-quarters,,candidate,,,,,
bin8__tc40_rate__rate__w30d,1,A_base,L0,BIN-8,bin8,instrument,TC40/SAFE alert rate,outcome,rate (num/denom),30 days,time,unconditioned,raw value,streaming aggregate (sketch-backed),HIGH - point-in-time on label_arrival_ts + out-of-fold encoding required,200,months-quarters,,candidate,,,,,
bin8__amt__cnt__w1h,1,A_base,L0,BIN-8,bin8,instrument,Transaction amount,velocity,count,1 hour,time,unconditioned,raw value,realtime,LOW,5,months-quarters,,candidate,,,,,
bin8__amt__cnt__w30d,1,A_base,L0,BIN-8,bin8,instrument,Transaction amount,velocity,count,30 days,time,unconditioned,raw value,realtime,LOW,30,months-quarters,,candidate,,,,,
bin8__amt__sum__w1h,1,A_base,L0,BIN-8,bin8,instrument,Transaction amount,velocity,sum,1 hour,time,unconditioned,raw value,realtime,LOW,5,months-quarters,,candidate,,,,,
bin8__amt__sum__w30d,1,A_base,L0,BIN-8,bin8,instrument,Transaction amount,velocity,sum,30 days,time,unconditioned,raw value,realtime,LOW,30,months-quarters,,candidate,,,,,
bin8__amt__mean__w1h,1,A_base,L0,BIN-8,bin8,instrument,Transaction amount,velocity,mean,1 hour,time,unconditioned,raw value,realtime,LOW,5,months-quarters,,candidate,,,,,
bin8__amt__mean__w30d,1,A_base,L0,BIN-8,bin8,instrument,Transaction amount,velocity,mean,30 days,time,unconditioned,raw value,realtime,LOW,30,months-quarters,,candidate,,,,,
bin8__txn_cnt__cnt__w1h,1,A_base,L0,BIN-8,bin8,instrument,Transaction count,velocity,count,1 hour,time,unconditioned,raw value,realtime,LOW,5,months-quarters,,candidate,,,,,
bin8__txn_cnt__cnt__w30d,1,A_base,L0,BIN-8,bin8,instrument,Transaction count,velocity,count,30 days,time,unconditioned,raw value,realtime,LOW,30,months-quarters,,candidate,,,,,
bin8__txn_cnt__sum__w1h,1,A_base,L0,BIN-8,bin8,instrument,Transaction count,velocity,sum,1 hour,time,unconditioned,raw value,realtime,LOW,5,months-quarters,,candidate,,,,,
bin8__txn_cnt__sum__w30d,1,A_base,L0,BIN-8,bin8,instrument,Transaction count,velocity,sum,30 days,time,unconditioned,raw value,realtime,LOW,30,months-quarters,,candidate,,,,,
pan__cb_fraud_rate__rate__w30d,1,A_base,L0,Card token / PAN hash,pan,instrument,CB rate,outcome,rate (num/denom),30 days,time,unconditioned,raw value,streaming aggregate (sketch-backed),HIGH - point-in-time on label_arrival_ts + out-of-fold encoding required,200,months-quarters,,candidate,,,,,
pan__cb_nonfr_rate__rate__w30d,1,A_base,L0,Card token / PAN hash,pan,instrument,CB rate,outcome,rate (num/denom),30 days,time,unconditioned,raw value,streaming aggregate (sketch-backed),HIGH - point-in-time on label_arrival_ts + out-of-fold encoding required,200,months-quarters,,candidate,,,,,
pan__champ_score__cnt__w30d,1,A_base,L0,Card token / PAN hash,pan,instrument,Champion model score,score,count,30 days,time,unconditioned,raw value,realtime,MED - encodes current policy; re-baseline on threshold change,30,months-quarters,,candidate,,,,,
pan__champ_score__mean__w30d,1,A_base,L0,Card token / PAN hash,pan,instrument,Champion model score,score,mean,30 days,time,unconditioned,raw value,realtime,MED - encodes current policy; re-baseline on threshold change,30,months-quarters,,candidate,,,,,
pan__cb_amt__cnt__w30d,1,A_base,L0,Card token / PAN hash,pan,instrument,Chargeback dollars,outcome,count,30 days,time,unconditioned,raw value,streaming aggregate (sketch-backed),HIGH - point-in-time on label_arrival_ts + out-of-fold encoding required,200,months-quarters,,candidate,,,,,
pan__cb_amt__sum__w30d,1,A_base,L0,Card token / PAN hash,pan,instrument,Chargeback dollars,outcome,sum,30 days,time,unconditioned,raw value,streaming aggregate (sketch-backed),HIGH - point-in-time on label_arrival_ts + out-of-fold encoding required,200,months-quarters,,candidate,,,,,
pan__cb_amt__mean__w30d,1,A_base,L0,Card token / PAN hash,pan,instrument,Chargeback dollars,outcome,mean,30 days,time,unconditioned,raw value,streaming aggregate (sketch-backed),HIGH - point-in-time on label_arrival_ts + out-of-fold encoding required,200,months-quarters,,candidate,,,,,
pan__cb_rate__rate__w30d,1,A_base,L0,Card token / PAN hash,pan,instrument,Chargeback rate,outcome,rate (num/denom),30 days,time,unconditioned,raw value,streaming aggregate (sketch-backed),HIGH - point-in-time on label_arrival_ts + out-of-fold encoding required,200,months-quarters,,candidate,,,,,
pan__den_rate__rate__w30d,1,A_base,L0,Card token / PAN hash,pan,instrument,DEN rate (downstream rules),outcome,rate (num/denom),30 days,time,unconditioned,raw value,streaming aggregate (sketch-backed),MED - encodes current policy; re-baseline on threshold change,50,months-quarters,,candidate,,,,,
pan__d_bin8__dcnt__w1h,1,A_base,L0,Card token / PAN hash,pan,instrument,Distinct BINs tried,velocity,distinct count,1 hour,time,unconditioned,raw value,realtime,LOW,5,months-quarters,,candidate,,,,,
pan__d_bin8__dcnt__w30d,1,A_base,L0,Card token / PAN hash,pan,instrument,Distinct BINs tried,velocity,distinct count,30 days,time,unconditioned,raw value,realtime,LOW,30,months-quarters,,candidate,,,,,
pan__d_cust__dcnt__w1h,1,A_base,L0,Card token / PAN hash,pan,instrument,Distinct customers,velocity,distinct count,1 hour,time,unconditioned,raw value,realtime,LOW,5,months-quarters,,candidate,,,,,
pan__d_cust__dcnt__w30d,1,A_base,L0,Card token / PAN hash,pan,instrument,Distinct customers,velocity,distinct count,30 days,time,unconditioned,raw value,realtime,LOW,30,months-quarters,,candidate,,,,,
pan__d_device__dcnt__w1h,1,A_base,L0,Card token / PAN hash,pan,instrument,Distinct devices,velocity,distinct count,1 hour,time,unconditioned,raw value,realtime,LOW,5,months-quarters,,candidate,,,,,
pan__d_device__dcnt__w30d,1,A_base,L0,Card token / PAN hash,pan,instrument,Distinct devices,velocity,distinct count,30 days,time,unconditioned,raw value,realtime,LOW,30,months-quarters,,candidate,,,,,
pan__d_email__dcnt__w1h,1,A_base,L0,Card token / PAN hash,pan,instrument,Distinct emails,velocity,distinct count,1 hour,time,unconditioned,raw value,realtime,LOW,5,months-quarters,,candidate,,,,,
pan__d_email__dcnt__w30d,1,A_base,L0,Card token / PAN hash,pan,instrument,Distinct emails,velocity,distinct count,30 days,time,unconditioned,raw value,realtime,LOW,30,months-quarters,,candidate,,,,,
pan__d_receiver__dcnt__w1h,1,A_base,L0,Card token / PAN hash,pan,instrument,Distinct receivers (fan-out),velocity,distinct count,1 hour,time,unconditioned,raw value,realtime,LOW,5,months-quarters,,candidate,,,,,
pan__d_receiver__dcnt__w30d,1,A_base,L0,Card token / PAN hash,pan,instrument,Distinct receivers (fan-out),velocity,distinct count,30 days,time,unconditioned,raw value,realtime,LOW,30,months-quarters,,candidate,,,,,
pan__d_sender__dcnt__w1h,1,A_base,L0,Card token / PAN hash,pan,instrument,Distinct senders (fan-in),velocity,distinct count,1 hour,time,unconditioned,raw value,realtime,LOW,5,months-quarters,,candidate,,,,,
pan__d_sender__dcnt__w30d,1,A_base,L0,Card token / PAN hash,pan,instrument,Distinct senders (fan-in),velocity,distinct count,30 days,time,unconditioned,raw value,realtime,LOW,30,months-quarters,,candidate,,,,,
pan__err_lost_stln__rate__w30d,1,A_base,L0,Card token / PAN hash,pan,instrument,ERR rate,outcome,rate (num/denom),30 days,time,unconditioned,raw value,streaming aggregate (sketch-backed),LOW,50,months-quarters,,candidate,,,,,
pan__err_rate__rate__w30d,1,A_base,L0,Card token / PAN hash,pan,instrument,ERR rate (issuer decline),outcome,rate (num/denom),30 days,time,unconditioned,raw value,streaming aggregate (sketch-backed),MED - encodes current policy; re-baseline on threshold change,50,months-quarters,,candidate,,,,,
pan__fail_then_ok__cnt__w1h,1,A_base,L0,Card token / PAN hash,pan,instrument,Failed-auth-then-success cnt,behavior,count,1 hour,time,unconditioned,raw value,realtime,LOW,5,months-quarters,,candidate,,,,,
pan__fail_then_ok__sum__w1h,1,A_base,L0,Card token / PAN hash,pan,instrument,Failed-auth-then-success cnt,behavior,sum,1 hour,time,unconditioned,raw value,realtime,LOW,5,months-quarters,,candidate,,,,,
pan__interarrival__cnt__w1h,1,A_base,L0,Card token / PAN hash,pan,instrument,Inter-arrival seconds,behavior,count,1 hour,time,unconditioned,raw value,realtime,LOW,5,months-quarters,,candidate,,,,,
pan__interarrival__mean__w1h,1,A_base,L0,Card token / PAN hash,pan,instrument,Inter-arrival seconds,behavior,mean,1 hour,time,unconditioned,raw value,realtime,LOW,5,months-quarters,,candidate,,,,,
pan__block_rate__rate__w30d,1,A_base,L0,Card token / PAN hash,pan,instrument,Model block rate (policy),outcome,rate (num/denom),30 days,time,unconditioned,raw value,streaming aggregate (sketch-backed),MED - encodes current policy; re-baseline on threshold change,50,months-quarters,,candidate,,,,,
pan__amt_repeat__rate__w1h,1,A_base,L0,Card token / PAN hash,pan,instrument,Repeat-identical-amount rate,behavior,rate (num/denom),1 hour,time,unconditioned,raw value,realtime,LOW,5,months-quarters,,candidate,,,,,
pan__amt_escalate__cnt__w1h,1,A_base,L0,Card token / PAN hash,pan,instrument,Small-then-large sequence cnt,behavior,count,1 hour,time,unconditioned,raw value,realtime,LOW,5,months-quarters,,candidate,,,,,
pan__amt_escalate__sum__w1h,1,A_base,L0,Card token / PAN hash,pan,instrument,Small-then-large sequence cnt,behavior,sum,1 hour,time,unconditioned,raw value,realtime,LOW,5,months-quarters,,candidate,,,,,
pan__tc40_rate__rate__w30d,1,A_base,L0,Card token / PAN hash,pan,instrument,TC40/SAFE alert rate,outcome,rate (num/denom),30 days,time,unconditioned,raw value,streaming aggregate (sketch-backed),HIGH - point-in-time on label_arrival_ts + out-of-fold encoding required,200,months-quarters,,candidate,,,,,
pan__amt__cnt__w1h,1,A_base,L0,Card token / PAN hash,pan,instrument,Transaction amount,velocity,count,1 hour,time,unconditioned,raw value,realtime,LOW,5,months-quarters,,candidate,,,,,
pan__amt__cnt__w30d,1,A_base,L0,Card token / PAN hash,pan,instrument,Transaction amount,velocity,count,30 days,time,unconditioned,raw value,realtime,LOW,30,months-quarters,,candidate,,,,,
pan__amt__sum__w1h,1,A_base,L0,Card token / PAN hash,pan,instrument,Transaction amount,velocity,sum,1 hour,time,unconditioned,raw value,realtime,LOW,5,months-quarters,,candidate,,,,,
pan__amt__sum__w30d,1,A_base,L0,Card token / PAN hash,pan,instrument,Transaction amount,velocity,sum,30 days,time,unconditioned,raw value,realtime,LOW,30,months-quarters,,candidate,,,,,
pan__amt__mean__w1h,1,A_base,L0,Card token / PAN hash,pan,instrument,Transaction amount,velocity,mean,1 hour,time,unconditioned,raw value,realtime,LOW,5,months-quarters,,candidate,,,,,
pan__amt__mean__w30d,1,A_base,L0,Card token / PAN hash,pan,instrument,Transaction amount,velocity,mean,30 days,time,unconditioned,raw value,realtime,LOW,30,months-quarters,,candidate,,,,,
pan__txn_cnt__cnt__w1h,1,A_base,L0,Card token / PAN hash,pan,instrument,Transaction count,velocity,count,1 hour,time,unconditioned,raw value,realtime,LOW,5,months-quarters,,candidate,,,,,
pan__txn_cnt__cnt__w30d,1,A_base,L0,Card token / PAN hash,pan,instrument,Transaction count,velocity,count,30 days,time,unconditioned,raw value,realtime,LOW,30,months-quarters,,candidate,,,,,
pan__txn_cnt__sum__w1h,1,A_base,L0,Card token / PAN hash,pan,instrument,Transaction count,velocity,sum,1 hour,time,unconditioned,raw value,realtime,LOW,5,months-quarters,,candidate,,,,,
pan__txn_cnt__sum__w30d,1,A_base,L0,Card token / PAN hash,pan,instrument,Transaction count,velocity,sum,30 days,time,unconditioned,raw value,realtime,LOW,30,months-quarters,,candidate,,,,,
merchant__cb_fraud_rate__rate__w30d,1,A_base,L0,Merchant ID,merchant,merchant,CB rate,outcome,rate (num/denom),30 days,time,unconditioned,raw value,streaming aggregate (sketch-backed),HIGH - point-in-time on label_arrival_ts + out-of-fold encoding required,200,months-quarters,,candidate,,,,,
merchant__cb_nonfr_rate__rate__w30d,1,A_base,L0,Merchant ID,merchant,merchant,CB rate,outcome,rate (num/denom),30 days,time,unconditioned,raw value,streaming aggregate (sketch-backed),HIGH - point-in-time on label_arrival_ts + out-of-fold encoding required,200,months-quarters,,candidate,,,,,
merchant__champ_score__cnt__w30d,1,A_base,L0,Merchant ID,merchant,merchant,Champion model score,score,count,30 days,time,unconditioned,raw value,realtime,MED - encodes current policy; re-baseline on threshold change,30,months-quarters,,candidate,,,,,
merchant__champ_score__mean__w30d,1,A_base,L0,Merchant ID,merchant,merchant,Champion model score,score,mean,30 days,time,unconditioned,raw value,realtime,MED - encodes current policy; re-baseline on threshold change,30,months-quarters,,candidate,,,,,
merchant__cb_amt__cnt__w30d,1,A_base,L0,Merchant ID,merchant,merchant,Chargeback dollars,outcome,count,30 days,time,unconditioned,raw value,streaming aggregate (sketch-backed),HIGH - point-in-time on label_arrival_ts + out-of-fold encoding required,200,months-quarters,,candidate,,,,,
merchant__cb_amt__sum__w30d,1,A_base,L0,Merchant ID,merchant,merchant,Chargeback dollars,outcome,sum,30 days,time,unconditioned,raw value,streaming aggregate (sketch-backed),HIGH - point-in-time on label_arrival_ts + out-of-fold encoding required,200,months-quarters,,candidate,,,,,
merchant__cb_amt__mean__w30d,1,A_base,L0,Merchant ID,merchant,merchant,Chargeback dollars,outcome,mean,30 days,time,unconditioned,raw value,streaming aggregate (sketch-backed),HIGH - point-in-time on label_arrival_ts + out-of-fold encoding required,200,months-quarters,,candidate,,,,,
merchant__cb_rate__rate__w30d,1,A_base,L0,Merchant ID,merchant,merchant,Chargeback rate,outcome,rate (num/denom),30 days,time,unconditioned,raw value,streaming aggregate (sketch-backed),HIGH - point-in-time on label_arrival_ts + out-of-fold encoding required,200,months-quarters,,candidate,,,,,
merchant__den_rate__rate__w30d,1,A_base,L0,Merchant ID,merchant,merchant,DEN rate (downstream rules),outcome,rate (num/denom),30 days,time,unconditioned,raw value,streaming aggregate (sketch-backed),MED - encodes current policy; re-baseline on threshold change,50,months-quarters,,candidate,,,,,
merchant__d_bin8__dcnt__w1h,1,A_base,L0,Merchant ID,merchant,merchant,Distinct BINs tried,velocity,distinct count,1 hour,time,unconditioned,raw value,realtime,LOW,5,months-quarters,,candidate,,,,,
merchant__d_bin8__dcnt__w30d,1,A_base,L0,Merchant ID,merchant,merchant,Distinct BINs tried,velocity,distinct count,30 days,time,unconditioned,raw value,realtime,LOW,30,months-quarters,,candidate,,,,,
merchant__d_pan__dcnt__w1h,1,A_base,L0,Merchant ID,merchant,merchant,Distinct cards,velocity,distinct count,1 hour,time,unconditioned,raw value,realtime,LOW,5,months-quarters,,candidate,,,,,
merchant__d_pan__dcnt__w30d,1,A_base,L0,Merchant ID,merchant,merchant,Distinct cards,velocity,distinct count,30 days,time,unconditioned,raw value,realtime,LOW,30,months-quarters,,candidate,,,,,
merchant__d_cust__dcnt__w1h,1,A_base,L0,Merchant ID,merchant,merchant,Distinct customers,velocity,distinct count,1 hour,time,unconditioned,raw value,realtime,LOW,5,months-quarters,,candidate,,,,,
merchant__d_cust__dcnt__w30d,1,A_base,L0,Merchant ID,merchant,merchant,Distinct customers,velocity,distinct count,30 days,time,unconditioned,raw value,realtime,LOW,30,months-quarters,,candidate,,,,,
merchant__d_device__dcnt__w1h,1,A_base,L0,Merchant ID,merchant,merchant,Distinct devices,velocity,distinct count,1 hour,time,unconditioned,raw value,realtime,LOW,5,months-quarters,,candidate,,,,,
merchant__d_device__dcnt__w30d,1,A_base,L0,Merchant ID,merchant,merchant,Distinct devices,velocity,distinct count,30 days,time,unconditioned,raw value,realtime,LOW,30,months-quarters,,candidate,,,,,
merchant__d_email__dcnt__w1h,1,A_base,L0,Merchant ID,merchant,merchant,Distinct emails,velocity,distinct count,1 hour,time,unconditioned,raw value,realtime,LOW,5,months-quarters,,candidate,,,,,
merchant__d_email__dcnt__w30d,1,A_base,L0,Merchant ID,merchant,merchant,Distinct emails,velocity,distinct count,30 days,time,unconditioned,raw value,realtime,LOW,30,months-quarters,,candidate,,,,,
merchant__d_receiver__dcnt__w1h,1,A_base,L0,Merchant ID,merchant,merchant,Distinct receivers (fan-out),velocity,distinct count,1 hour,time,unconditioned,raw value,realtime,LOW,5,months-quarters,,candidate,,,,,
merchant__d_receiver__dcnt__w30d,1,A_base,L0,Merchant ID,merchant,merchant,Distinct receivers (fan-out),velocity,distinct count,30 days,time,unconditioned,raw value,realtime,LOW,30,months-quarters,,candidate,,,,,
merchant__d_sender__dcnt__w1h,1,A_base,L0,Merchant ID,merchant,merchant,Distinct senders (fan-in),velocity,distinct count,1 hour,time,unconditioned,raw value,realtime,LOW,5,months-quarters,,candidate,,,,,
merchant__d_sender__dcnt__w30d,1,A_base,L0,Merchant ID,merchant,merchant,Distinct senders (fan-in),velocity,distinct count,30 days,time,unconditioned,raw value,realtime,LOW,30,months-quarters,,candidate,,,,,
merchant__err_lost_stln__rate__w30d,1,A_base,L0,Merchant ID,merchant,merchant,ERR rate,outcome,rate (num/denom),30 days,time,unconditioned,raw value,streaming aggregate (sketch-backed),LOW,50,months-quarters,,candidate,,,,,
merchant__err_rate__rate__w30d,1,A_base,L0,Merchant ID,merchant,merchant,ERR rate (issuer decline),outcome,rate (num/denom),30 days,time,unconditioned,raw value,streaming aggregate (sketch-backed),MED - encodes current policy; re-baseline on threshold change,50,months-quarters,,candidate,,,,,
merchant__fail_then_ok__cnt__w1h,1,A_base,L0,Merchant ID,merchant,merchant,Failed-auth-then-success cnt,behavior,count,1 hour,time,unconditioned,raw value,realtime,LOW,5,months-quarters,,candidate,,,,,
merchant__fail_then_ok__sum__w1h,1,A_base,L0,Merchant ID,merchant,merchant,Failed-auth-then-success cnt,behavior,sum,1 hour,time,unconditioned,raw value,realtime,LOW,5,months-quarters,,candidate,,,,,
merchant__interarrival__cnt__w1h,1,A_base,L0,Merchant ID,merchant,merchant,Inter-arrival seconds,behavior,count,1 hour,time,unconditioned,raw value,realtime,LOW,5,months-quarters,,candidate,,,,,
merchant__interarrival__mean__w1h,1,A_base,L0,Merchant ID,merchant,merchant,Inter-arrival seconds,behavior,mean,1 hour,time,unconditioned,raw value,realtime,LOW,5,months-quarters,,candidate,,,,,
merchant__block_rate__rate__w30d,1,A_base,L0,Merchant ID,merchant,merchant,Model block rate (policy),outcome,rate (num/denom),30 days,time,unconditioned,raw value,streaming aggregate (sketch-backed),MED - encodes current policy; re-baseline on threshold change,50,months-quarters,,candidate,,,,,
merchant__amt_repeat__rate__w1h,1,A_base,L0,Merchant ID,merchant,merchant,Repeat-identical-amount rate,behavior,rate (num/denom),1 hour,time,unconditioned,raw value,realtime,LOW,5,months-quarters,,candidate,,,,,
merchant__amt_escalate__cnt__w1h,1,A_base,L0,Merchant ID,merchant,merchant,Small-then-large sequence cnt,behavior,count,1 hour,time,unconditioned,raw value,realtime,LOW,5,months-quarters,,candidate,,,,,
merchant__amt_escalate__sum__w1h,1,A_base,L0,Merchant ID,merchant,merchant,Small-then-large sequence cnt,behavior,sum,1 hour,time,unconditioned,raw value,realtime,LOW,5,months-quarters,,candidate,,,,,
merchant__tc40_rate__rate__w30d,1,A_base,L0,Merchant ID,merchant,merchant,TC40/SAFE alert rate,outcome,rate (num/denom),30 days,time,unconditioned,raw value,streaming aggregate (sketch-backed),HIGH - point-in-time on label_arrival_ts + out-of-fold encoding required,200,months-quarters,,candidate,,,,,
merchant__amt__cnt__w1h,1,A_base,L0,Merchant ID,merchant,merchant,Transaction amount,velocity,count,1 hour,time,unconditioned,raw value,realtime,LOW,5,months-quarters,,candidate,,,,,
merchant__amt__cnt__w30d,1,A_base,L0,Merchant ID,merchant,merchant,Transaction amount,velocity,count,30 days,time,unconditioned,raw value,realtime,LOW,30,months-quarters,,candidate,,,,,
merchant__amt__sum__w1h,1,A_base,L0,Merchant ID,merchant,merchant,Transaction amount,velocity,sum,1 hour,time,unconditioned,raw value,realtime,LOW,5,months-quarters,,candidate,,,,,
merchant__amt__sum__w30d,1,A_base,L0,Merchant ID,merchant,merchant,Transaction amount,velocity,sum,30 days,time,unconditioned,raw value,realtime,LOW,30,months-quarters,,candidate,,,,,
merchant__amt__mean__w1h,1,A_base,L0,Merchant ID,merchant,merchant,Transaction amount,velocity,mean,1 hour,time,unconditioned,raw value,realtime,LOW,5,months-quarters,,candidate,,,,,
merchant__amt__mean__w30d,1,A_base,L0,Merchant ID,merchant,merchant,Transaction amount,velocity,mean,30 days,time,unconditioned,raw value,realtime,LOW,30,months-quarters,,candidate,,,,,
merchant__txn_cnt__cnt__w1h,1,A_base,L0,Merchant ID,merchant,merchant,Transaction count,velocity,count,1 hour,time,unconditioned,raw value,realtime,LOW,5,months-quarters,,candidate,,,,,
merchant__txn_cnt__cnt__w30d,1,A_base,L0,Merchant ID,merchant,merchant,Transaction count,velocity,count,30 days,time,unconditioned,raw value,realtime,LOW,30,months-quarters,,candidate,,,,,
merchant__txn_cnt__sum__w1h,1,A_base,L0,Merchant ID,merchant,merchant,Transaction count,velocity,sum,1 hour,time,unconditioned,raw value,realtime,LOW,5,months-quarters,,candidate,,,,,
merchant__txn_cnt__sum__w30d,1,A_base,L0,Merchant ID,merchant,merchant,Transaction count,velocity,sum,30 days,time,unconditioned,raw value,realtime,LOW,30,months-quarters,,candidate,,,,,
asn__cb_fraud_rate__rate__w30d,1,A_base,L0,ASN / ISP,asn,network,CB rate,outcome,rate (num/denom),30 days,time,unconditioned,raw value,enrichment (vendor latency budget applies),HIGH - point-in-time on label_arrival_ts + out-of-fold encoding required,200,weeks-months,,candidate,,,,,
asn__cb_nonfr_rate__rate__w30d,1,A_base,L0,ASN / ISP,asn,network,CB rate,outcome,rate (num/denom),30 days,time,unconditioned,raw value,enrichment (vendor latency budget applies),HIGH - point-in-time on label_arrival_ts + out-of-fold encoding required,200,weeks-months,,candidate,,,,,
asn__champ_score__cnt__w30d,1,A_base,L0,ASN / ISP,asn,network,Champion model score,score,count,30 days,time,unconditioned,raw value,enrichment (vendor latency budget applies),MED - encodes current policy; re-baseline on threshold change,100,weeks-months,,candidate,,,,,
asn__champ_score__mean__w30d,1,A_base,L0,ASN / ISP,asn,network,Champion model score,score,mean,30 days,time,unconditioned,raw value,enrichment (vendor latency budget applies),MED - encodes current policy; re-baseline on threshold change,100,weeks-months,,candidate,,,,,
asn__cb_amt__cnt__w30d,1,A_base,L0,ASN / ISP,asn,network,Chargeback dollars,outcome,count,30 days,time,unconditioned,raw value,enrichment (vendor latency budget applies),HIGH - point-in-time on label_arrival_ts + out-of-fold encoding required,200,weeks-months,,candidate,,,,,
asn__cb_amt__sum__w30d,1,A_base,L0,ASN / ISP,asn,network,Chargeback dollars,outcome,sum,30 days,time,unconditioned,raw value,enrichment (vendor latency budget applies),HIGH - point-in-time on label_arrival_ts + out-of-fold encoding required,200,weeks-months,,candidate,,,,,
asn__cb_amt__mean__w30d,1,A_base,L0,ASN / ISP,asn,network,Chargeback dollars,outcome,mean,30 days,time,unconditioned,raw value,enrichment (vendor latency budget applies),HIGH - point-in-time on label_arrival_ts + out-of-fold encoding required,200,weeks-months,,candidate,,,,,
asn__cb_rate__rate__w30d,1,A_base,L0,ASN / ISP,asn,network,Chargeback rate,outcome,rate (num/denom),30 days,time,unconditioned,raw value,enrichment (vendor latency budget applies),HIGH - point-in-time on label_arrival_ts + out-of-fold encoding required,200,weeks-months,,candidate,,,,,
asn__den_rate__rate__w30d,1,A_base,L0,ASN / ISP,asn,network,DEN rate (downstream rules),outcome,rate (num/denom),30 days,time,unconditioned,raw value,enrichment (vendor latency budget applies),MED - encodes current policy; re-baseline on threshold change,100,weeks-months,,candidate,,,,,
asn__d_bin8__dcnt__w1h,1,A_base,L0,ASN / ISP,asn,network,Distinct BINs tried,velocity,distinct count,1 hour,time,unconditioned,raw value,enrichment (vendor latency budget applies),LOW,5,weeks-months,,candidate,,,,,
asn__d_bin8__dcnt__w30d,1,A_base,L0,ASN / ISP,asn,network,Distinct BINs tried,velocity,distinct count,30 days,time,unconditioned,raw value,enrichment (vendor latency budget applies),LOW,100,weeks-months,,candidate,,,,,
asn__d_pan__dcnt__w1h,1,A_base,L0,ASN / ISP,asn,network,Distinct cards,velocity,distinct count,1 hour,time,unconditioned,raw value,enrichment (vendor latency budget applies),LOW,5,weeks-months,,candidate,,,,,
asn__d_pan__dcnt__w30d,1,A_base,L0,ASN / ISP,asn,network,Distinct cards,velocity,distinct count,30 days,time,unconditioned,raw value,enrichment (vendor latency budget applies),LOW,100,weeks-months,,candidate,,,,,
asn__d_cust__dcnt__w1h,1,A_base,L0,ASN / ISP,asn,network,Distinct customers,velocity,distinct count,1 hour,time,unconditioned,raw value,enrichment (vendor latency budget applies),LOW,5,weeks-months,,candidate,,,,,
asn__d_cust__dcnt__w30d,1,A_base,L0,ASN / ISP,asn,network,Distinct customers,velocity,distinct count,30 days,time,unconditioned,raw value,enrichment (vendor latency budget applies),LOW,100,weeks-months,,candidate,,,,,
asn__d_device__dcnt__w1h,1,A_base,L0,ASN / ISP,asn,network,Distinct devices,velocity,distinct count,1 hour,time,unconditioned,raw value,enrichment (vendor latency budget applies),LOW,5,weeks-months,,candidate,,,,,
asn__d_device__dcnt__w30d,1,A_base,L0,ASN / ISP,asn,network,Distinct devices,velocity,distinct count,30 days,time,unconditioned,raw value,enrichment (vendor latency budget applies),LOW,100,weeks-months,,candidate,,,,,
asn__d_email__dcnt__w1h,1,A_base,L0,ASN / ISP,asn,network,Distinct emails,velocity,distinct count,1 hour,time,unconditioned,raw value,enrichment (vendor latency budget applies),LOW,5,weeks-months,,candidate,,,,,
asn__d_email__dcnt__w30d,1,A_base,L0,ASN / ISP,asn,network,Distinct emails,velocity,distinct count,30 days,time,unconditioned,raw value,enrichment (vendor latency budget applies),LOW,100,weeks-months,,candidate,,,,,
asn__d_receiver__dcnt__w1h,1,A_base,L0,ASN / ISP,asn,network,Distinct receivers (fan-out),velocity,distinct count,1 hour,time,unconditioned,raw value,enrichment (vendor latency budget applies),LOW,5,weeks-months,,candidate,,,,,
asn__d_receiver__dcnt__w30d,1,A_base,L0,ASN / ISP,asn,network,Distinct receivers (fan-out),velocity,distinct count,30 days,time,unconditioned,raw value,enrichment (vendor latency budget applies),LOW,100,weeks-months,,candidate,,,,,
asn__d_sender__dcnt__w1h,1,A_base,L0,ASN / ISP,asn,network,Distinct senders (fan-in),velocity,distinct count,1 hour,time,unconditioned,raw value,enrichment (vendor latency budget applies),LOW,5,weeks-months,,candidate,,,,,
asn__d_sender__dcnt__w30d,1,A_base,L0,ASN / ISP,asn,network,Distinct senders (fan-in),velocity,distinct count,30 days,time,unconditioned,raw value,enrichment (vendor latency budget applies),LOW,100,weeks-months,,candidate,,,,,
asn__err_lost_stln__rate__w30d,1,A_base,L0,ASN / ISP,asn,network,ERR rate,outcome,rate (num/denom),30 days,time,unconditioned,raw value,enrichment (vendor latency budget applies),LOW,100,weeks-months,,candidate,,,,,
asn__err_rate__rate__w30d,1,A_base,L0,ASN / ISP,asn,network,ERR rate (issuer decline),outcome,rate (num/denom),30 days,time,unconditioned,raw value,enrichment (vendor latency budget applies),MED - encodes current policy; re-baseline on threshold change,100,weeks-months,,candidate,,,,,
asn__fail_then_ok__cnt__w1h,1,A_base,L0,ASN / ISP,asn,network,Failed-auth-then-success cnt,behavior,count,1 hour,time,unconditioned,raw value,enrichment (vendor latency budget applies),LOW,5,weeks-months,,candidate,,,,,
asn__fail_then_ok__sum__w1h,1,A_base,L0,ASN / ISP,asn,network,Failed-auth-then-success cnt,behavior,sum,1 hour,time,unconditioned,raw value,enrichment (vendor latency budget applies),LOW,5,weeks-months,,candidate,,,,,
asn__interarrival__cnt__w1h,1,A_base,L0,ASN / ISP,asn,network,Inter-arrival seconds,behavior,count,1 hour,time,unconditioned,raw value,enrichment (vendor latency budget applies),LOW,5,weeks-months,,candidate,,,,,
asn__interarrival__mean__w1h,1,A_base,L0,ASN / ISP,asn,network,Inter-arrival seconds,behavior,mean,1 hour,time,unconditioned,raw value,enrichment (vendor latency budget applies),LOW,5,weeks-months,,candidate,,,,,
asn__block_rate__rate__w30d,1,A_base,L0,ASN / ISP,asn,network,Model block rate (policy),outcome,rate (num/denom),30 days,time,unconditioned,raw value,enrichment (vendor latency budget applies),MED - encodes current policy; re-baseline on threshold change,100,weeks-months,,candidate,,,,,
asn__amt_repeat__rate__w1h,1,A_base,L0,ASN / ISP,asn,network,Repeat-identical-amount rate,behavior,rate (num/denom),1 hour,time,unconditioned,raw value,enrichment (vendor latency budget applies),LOW,5,weeks-months,,candidate,,,,,
asn__amt_escalate__cnt__w1h,1,A_base,L0,ASN / ISP,asn,network,Small-then-large sequence cnt,behavior,count,1 hour,time,unconditioned,raw value,enrichment (vendor latency budget applies),LOW,5,weeks-months,,candidate,,,,,
asn__amt_escalate__sum__w1h,1,A_base,L0,ASN / ISP,asn,network,Small-then-large sequence cnt,behavior,sum,1 hour,time,unconditioned,raw value,enrichment (vendor latency budget applies),LOW,5,weeks-months,,candidate,,,,,
asn__tc40_rate__rate__w30d,1,A_base,L0,ASN / ISP,asn,network,TC40/SAFE alert rate,outcome,rate (num/denom),30 days,time,unconditioned,raw value,enrichment (vendor latency budget applies),HIGH - point-in-time on label_arrival_ts + out-of-fold encoding required,200,weeks-months,,candidate,,,,,
asn__amt__cnt__w1h,1,A_base,L0,ASN / ISP,asn,network,Transaction amount,velocity,count,1 hour,time,unconditioned,raw value,enrichment (vendor latency budget applies),LOW,5,weeks-months,,candidate,,,,,
asn__amt__cnt__w30d,1,A_base,L0,ASN / ISP,asn,network,Transaction amount,velocity,count,30 days,time,unconditioned,raw value,enrichment (vendor latency budget applies),LOW,100,weeks-months,,candidate,,,,,
asn__amt__sum__w1h,1,A_base,L0,ASN / ISP,asn,network,Transaction amount,velocity,sum,1 hour,time,unconditioned,raw value,enrichment (vendor latency budget applies),LOW,5,weeks-months,,candidate,,,,,
asn__amt__sum__w30d,1,A_base,L0,ASN / ISP,asn,network,Transaction amount,velocity,sum,30 days,time,unconditioned,raw value,enrichment (vendor latency budget applies),LOW,100,weeks-months,,candidate,,,,,
asn__amt__mean__w1h,1,A_base,L0,ASN / ISP,asn,network,Transaction amount,velocity,mean,1 hour,time,unconditioned,raw value,enrichment (vendor latency budget applies),LOW,5,weeks-months,,candidate,,,,,
asn__amt__mean__w30d,1,A_base,L0,ASN / ISP,asn,network,Transaction amount,velocity,mean,30 days,time,unconditioned,raw value,enrichment (vendor latency budget applies),LOW,100,weeks-months,,candidate,,,,,
asn__txn_cnt__cnt__w1h,1,A_base,L0,ASN / ISP,asn,network,Transaction count,velocity,count,1 hour,time,unconditioned,raw value,enrichment (vendor latency budget applies),LOW,5,weeks-months,,candidate,,,,,
asn__txn_cnt__cnt__w30d,1,A_base,L0,ASN / ISP,asn,network,Transaction count,velocity,count,30 days,time,unconditioned,raw value,enrichment (vendor latency budget applies),LOW,100,weeks-months,,candidate,,,,,
asn__txn_cnt__sum__w1h,1,A_base,L0,ASN / ISP,asn,network,Transaction count,velocity,sum,1 hour,time,unconditioned,raw value,enrichment (vendor latency budget applies),LOW,5,weeks-months,,candidate,,,,,
asn__txn_cnt__sum__w30d,1,A_base,L0,ASN / ISP,asn,network,Transaction count,velocity,sum,30 days,time,unconditioned,raw value,enrichment (vendor latency budget applies),LOW,100,weeks-months,,candidate,,,,,
ip24__cb_fraud_rate__rate__w30d,1,A_base,L0,IP /24,ip24,network,CB rate,outcome,rate (num/denom),30 days,time,unconditioned,raw value,streaming aggregate (sketch-backed),HIGH - point-in-time on label_arrival_ts + out-of-fold encoding required,200,days-weeks,,candidate,,,,,
ip24__cb_nonfr_rate__rate__w30d,1,A_base,L0,IP /24,ip24,network,CB rate,outcome,rate (num/denom),30 days,time,unconditioned,raw value,streaming aggregate (sketch-backed),HIGH - point-in-time on label_arrival_ts + out-of-fold encoding required,200,days-weeks,,candidate,,,,,
ip24__champ_score__cnt__w30d,1,A_base,L0,IP /24,ip24,network,Champion model score,score,count,30 days,time,unconditioned,raw value,realtime,MED - encodes current policy; re-baseline on threshold change,100,days-weeks,,candidate,,,,,
ip24__champ_score__mean__w30d,1,A_base,L0,IP /24,ip24,network,Champion model score,score,mean,30 days,time,unconditioned,raw value,realtime,MED - encodes current policy; re-baseline on threshold change,100,days-weeks,,candidate,,,,,
ip24__cb_amt__cnt__w30d,1,A_base,L0,IP /24,ip24,network,Chargeback dollars,outcome,count,30 days,time,unconditioned,raw value,streaming aggregate (sketch-backed),HIGH - point-in-time on label_arrival_ts + out-of-fold encoding required,200,days-weeks,,candidate,,,,,
ip24__cb_amt__sum__w30d,1,A_base,L0,IP /24,ip24,network,Chargeback dollars,outcome,sum,30 days,time,unconditioned,raw value,streaming aggregate (sketch-backed),HIGH - point-in-time on label_arrival_ts + out-of-fold encoding required,200,days-weeks,,candidate,,,,,
ip24__cb_amt__mean__w30d,1,A_base,L0,IP /24,ip24,network,Chargeback dollars,outcome,mean,30 days,time,unconditioned,raw value,streaming aggregate (sketch-backed),HIGH - point-in-time on label_arrival_ts + out-of-fold encoding required,200,days-weeks,,candidate,,,,,
ip24__cb_rate__rate__w30d,1,A_base,L0,IP /24,ip24,network,Chargeback rate,outcome,rate (num/denom),30 days,time,unconditioned,raw value,streaming aggregate (sketch-backed),HIGH - point-in-time on label_arrival_ts + out-of-fold encoding required,200,days-weeks,,candidate,,,,,
ip24__den_rate__rate__w30d,1,A_base,L0,IP /24,ip24,network,DEN rate (downstream rules),outcome,rate (num/denom),30 days,time,unconditioned,raw value,streaming aggregate (sketch-backed),MED - encodes current policy; re-baseline on threshold change,100,days-weeks,,candidate,,,,,
ip24__d_bin8__dcnt__w1h,1,A_base,L0,IP /24,ip24,network,Distinct BINs tried,velocity,distinct count,1 hour,time,unconditioned,raw value,realtime,LOW,5,days-weeks,,candidate,,,,,
ip24__d_bin8__dcnt__w30d,1,A_base,L0,IP /24,ip24,network,Distinct BINs tried,velocity,distinct count,30 days,time,unconditioned,raw value,realtime,LOW,100,days-weeks,,candidate,,,,,
ip24__d_pan__dcnt__w1h,1,A_base,L0,IP /24,ip24,network,Distinct cards,velocity,distinct count,1 hour,time,unconditioned,raw value,realtime,LOW,5,days-weeks,,candidate,,,,,
ip24__d_pan__dcnt__w30d,1,A_base,L0,IP /24,ip24,network,Distinct cards,velocity,distinct count,30 days,time,unconditioned,raw value,realtime,LOW,100,days-weeks,,candidate,,,,,
ip24__d_cust__dcnt__w1h,1,A_base,L0,IP /24,ip24,network,Distinct customers,velocity,distinct count,1 hour,time,unconditioned,raw value,realtime,LOW,5,days-weeks,,candidate,,,,,
ip24__d_cust__dcnt__w30d,1,A_base,L0,IP /24,ip24,network,Distinct customers,velocity,distinct count,30 days,time,unconditioned,raw value,realtime,LOW,100,days-weeks,,candidate,,,,,
ip24__d_device__dcnt__w1h,1,A_base,L0,IP /24,ip24,network,Distinct devices,velocity,distinct count,1 hour,time,unconditioned,raw value,realtime,LOW,5,days-weeks,,candidate,,,,,
ip24__d_device__dcnt__w30d,1,A_base,L0,IP /24,ip24,network,Distinct devices,velocity,distinct count,30 days,time,unconditioned,raw value,realtime,LOW,100,days-weeks,,candidate,,,,,
ip24__d_email__dcnt__w1h,1,A_base,L0,IP /24,ip24,network,Distinct emails,velocity,distinct count,1 hour,time,unconditioned,raw value,realtime,LOW,5,days-weeks,,candidate,,,,,
ip24__d_email__dcnt__w30d,1,A_base,L0,IP /24,ip24,network,Distinct emails,velocity,distinct count,30 days,time,unconditioned,raw value,realtime,LOW,100,days-weeks,,candidate,,,,,
ip24__d_receiver__dcnt__w1h,1,A_base,L0,IP /24,ip24,network,Distinct receivers (fan-out),velocity,distinct count,1 hour,time,unconditioned,raw value,realtime,LOW,5,days-weeks,,candidate,,,,,
ip24__d_receiver__dcnt__w30d,1,A_base,L0,IP /24,ip24,network,Distinct receivers (fan-out),velocity,distinct count,30 days,time,unconditioned,raw value,realtime,LOW,100,days-weeks,,candidate,,,,,
ip24__d_sender__dcnt__w1h,1,A_base,L0,IP /24,ip24,network,Distinct senders (fan-in),velocity,distinct count,1 hour,time,unconditioned,raw value,realtime,LOW,5,days-weeks,,candidate,,,,,
ip24__d_sender__dcnt__w30d,1,A_base,L0,IP /24,ip24,network,Distinct senders (fan-in),velocity,distinct count,30 days,time,unconditioned,raw value,realtime,LOW,100,days-weeks,,candidate,,,,,
ip24__err_lost_stln__rate__w30d,1,A_base,L0,IP /24,ip24,network,ERR rate,outcome,rate (num/denom),30 days,time,unconditioned,raw value,streaming aggregate (sketch-backed),LOW,100,days-weeks,,candidate,,,,,
ip24__err_rate__rate__w30d,1,A_base,L0,IP /24,ip24,network,ERR rate (issuer decline),outcome,rate (num/denom),30 days,time,unconditioned,raw value,streaming aggregate (sketch-backed),MED - encodes current policy; re-baseline on threshold change,100,days-weeks,,candidate,,,,,
ip24__fail_then_ok__cnt__w1h,1,A_base,L0,IP /24,ip24,network,Failed-auth-then-success cnt,behavior,count,1 hour,time,unconditioned,raw value,realtime,LOW,5,days-weeks,,candidate,,,,,
ip24__fail_then_ok__sum__w1h,1,A_base,L0,IP /24,ip24,network,Failed-auth-then-success cnt,behavior,sum,1 hour,time,unconditioned,raw value,realtime,LOW,5,days-weeks,,candidate,,,,,
ip24__interarrival__cnt__w1h,1,A_base,L0,IP /24,ip24,network,Inter-arrival seconds,behavior,count,1 hour,time,unconditioned,raw value,realtime,LOW,5,days-weeks,,candidate,,,,,
ip24__interarrival__mean__w1h,1,A_base,L0,IP /24,ip24,network,Inter-arrival seconds,behavior,mean,1 hour,time,unconditioned,raw value,realtime,LOW,5,days-weeks,,candidate,,,,,
ip24__block_rate__rate__w30d,1,A_base,L0,IP /24,ip24,network,Model block rate (policy),outcome,rate (num/denom),30 days,time,unconditioned,raw value,streaming aggregate (sketch-backed),MED - encodes current policy; re-baseline on threshold change,100,days-weeks,,candidate,,,,,
ip24__amt_repeat__rate__w1h,1,A_base,L0,IP /24,ip24,network,Repeat-identical-amount rate,behavior,rate (num/denom),1 hour,time,unconditioned,raw value,realtime,LOW,5,days-weeks,,candidate,,,,,
ip24__amt_escalate__cnt__w1h,1,A_base,L0,IP /24,ip24,network,Small-then-large sequence cnt,behavior,count,1 hour,time,unconditioned,raw value,realtime,LOW,5,days-weeks,,candidate,,,,,
ip24__amt_escalate__sum__w1h,1,A_base,L0,IP /24,ip24,network,Small-then-large sequence cnt,behavior,sum,1 hour,time,unconditioned,raw value,realtime,LOW,5,days-weeks,,candidate,,,,,
ip24__tc40_rate__rate__w30d,1,A_base,L0,IP /24,ip24,network,TC40/SAFE alert rate,outcome,rate (num/denom),30 days,time,unconditioned,raw value,streaming aggregate (sketch-backed),HIGH - point-in-time on label_arrival_ts + out-of-fold encoding required,200,days-weeks,,candidate,,,,,
ip24__amt__cnt__w1h,1,A_base,L0,IP /24,ip24,network,Transaction amount,velocity,count,1 hour,time,unconditioned,raw value,realtime,LOW,5,days-weeks,,candidate,,,,,
ip24__amt__cnt__w30d,1,A_base,L0,IP /24,ip24,network,Transaction amount,velocity,count,30 days,time,unconditioned,raw value,realtime,LOW,100,days-weeks,,candidate,,,,,
ip24__amt__sum__w1h,1,A_base,L0,IP /24,ip24,network,Transaction amount,velocity,sum,1 hour,time,unconditioned,raw value,realtime,LOW,5,days-weeks,,candidate,,,,,
ip24__amt__sum__w30d,1,A_base,L0,IP /24,ip24,network,Transaction amount,velocity,sum,30 days,time,unconditioned,raw value,realtime,LOW,100,days-weeks,,candidate,,,,,
ip24__amt__mean__w1h,1,A_base,L0,IP /24,ip24,network,Transaction amount,velocity,mean,1 hour,time,unconditioned,raw value,realtime,LOW,5,days-weeks,,candidate,,,,,
ip24__amt__mean__w30d,1,A_base,L0,IP /24,ip24,network,Transaction amount,velocity,mean,30 days,time,unconditioned,raw value,realtime,LOW,100,days-weeks,,candidate,,,,,
ip24__txn_cnt__cnt__w1h,1,A_base,L0,IP /24,ip24,network,Transaction count,velocity,count,1 hour,time,unconditioned,raw value,realtime,LOW,5,days-weeks,,candidate,,,,,
ip24__txn_cnt__cnt__w30d,1,A_base,L0,IP /24,ip24,network,Transaction count,velocity,count,30 days,time,unconditioned,raw value,realtime,LOW,100,days-weeks,,candidate,,,,,
ip24__txn_cnt__sum__w1h,1,A_base,L0,IP /24,ip24,network,Transaction count,velocity,sum,1 hour,time,unconditioned,raw value,realtime,LOW,5,days-weeks,,candidate,,,,,
ip24__txn_cnt__sum__w30d,1,A_base,L0,IP /24,ip24,network,Transaction count,velocity,sum,30 days,time,unconditioned,raw value,realtime,LOW,100,days-weeks,,candidate,,,,,
